SCALERANK,NATSCALE,LABELRANK,FEATURECLA,NAME,NAMEPAR,NAMEALT,DIFFASCII,NAMEASCII,ADM0CAP,CAPALT,CAPIN,WORLDCITY,MEGACITY,SOV0NAME,SOV_A3,ADM0NAME,ADM0_A3,ADM1NAME,ISO_A2,NOTE,LATITUDE,LONGITUDE,CHANGED,NAMEDIFF,DIFFNOTE,POP_MAX,POP_MIN,POP_OTHER,RANK_MAX,RANK_MIN,GEONAMEID,MEGANAME,LS_NAME,LS_MATCH,CHECKME,MAX_POP10,MAX_POP20,MAX_POP50,MAX_POP300,MAX_POP310,MAX_NATSCA,MIN_AREAKM,MAX_AREAKM,MIN_AREAMI,MAX_AREAMI,MIN_PERKM,MAX_PERKM,MIN_PERMI,MAX_PERMI,MIN_BBXMIN,MAX_BBXMIN,MIN_BBXMAX,MAX_BBXMAX,MIN_BBYMIN,MAX_BBYMIN,MIN_BBYMAX,MAX_BBYMAX,MEAN_BBXC,MEAN_BBYC,COMPARE,GN_ASCII,FEATURE_CL,FEATURE_CO,ADMIN1_COD,GN_POP,ELEVATION,GTOPO30,TIMEZONE,GEONAMESNO,UN_FID,UN_ADM0,UN_LAT,UN_LONG,POP1950,POP1955,POP1960,POP1965,POP1970,POP1975,POP1980,POP1985,POP1990,POP1995,POP2000,POP2005,POP2010,POP2015,POP2020,POP2025,POP2050,CITYALT
8,10,3,Populated place,Marbella,,,0,Marbella,      0.00000000000,      0.00000000000,,      0.00000000000,0,Kingdom of Spain,ESP,Spain,ESP,Andalucía,ES,,     36.51661989240,     -4.88333012025,      0.00000000000,0,,186131,120008,185671,9,9,2514169.00000000000,,Marbella,1,0,             186131,                  0,                  0,                  0,                  0,                 10,                 89,     89.00000000000,     34.00000000000,     34.00000000000,    123.00000000000,    123.00000000000,     77.00000000000,     77.00000000000,     -5.05833333000,     -5.05833333000,     -4.67500000000,     -4.67500000000,     36.45000000000,     36.45000000000,     36.53333333000,     36.53333333000,     -4.90526486000,     36.49912791000,0,Marbella,P,PPL,     51.00000000000,             120008,      0.00000000000,     75.00000000000,Europe/Madrid,Geonames ascii name + lat.d + long.d matching.,0,,      0.00000000000,      0.00000000000,      0.00000000000,      0.00000000000,      0.00000000000,      0.00000000000,      0.00000000000,      0.00000000000,      0.00000000000,      0.00000000000,      0.00000000000,      0.00000000000,      0.00000000000,      0.00000000000,      0.00000000000,      0.00000000000,      0.00000000000,      0.00000000000,      0.00000000000,
8,10,3,Populated place,Algeciras,,,0,Algeciras,      0.00000000000,      0.00000000000,,      0.00000000000,0,Kingdom of Spain,ESP,Spain,ESP,Andalucía,ES,,     36.12671214820,     -5.46653036284,      0.00000000000,0,,111027,102348,101258,9,9,2522013.00000000000,,Algeciras,1,0,             102348,                  0,                  0,                  0,                  0,                 10,                 39,     39.00000000000,     15.00000000000,     15.00000000000,     56.00000000000,     56.00000000000,     35.00000000000,     35.00000000000,     -5.48333333000,     -5.48333333000,     -5.40929776000,     -5.40929776000,     36.09166667000,     36.09166667000,     36.22500000000,     36.22500000000,     -5.44759672000,     36.15100941000,0,Algeciras,P,PPL,     51.00000000000,             111027,      0.00000000000,      1.00000000000,Europe/Madrid,Geonames ascii name + lat.d + long.d matching.,0,,      0.00000000000,      0.00000000000,      0.00000000000,      0.00000000000,      0.00000000000,      0.00000000000,      0.00000000000,      0.00000000000,      0.00000000000,      0.00000000000,      0.00000000000,      0.00000000000,      0.00000000000,      0.00000000000,      0.00000000000,      0.00000000000,      0.00000000000,      0.00000000000,      0.00000000000,
7,20,3,Populated place,Almeria,,,0,Almeria,      0.00000000000,      0.00000000000,,      0.00000000000,0,Kingdom of Spain,ESP,Spain,ESP,Andalucía,ES,,     36.83034751290,     -2.42999149719,      0.00000000000,0,,179405,124660,0,9,9,2521886.00000000000,,Almeria,1,0,             124660,             124660,                  0,                  0,                  0,                 20,                 37,     37.00000000000,     14.00000000000,     14.00000000000,     49.00000000000,     49.00000000000,     30.00000000000,     30.00000000000,     -2.49166667000,     -2.49166667000,     -2.40000000000,     -2.40000000000,     36.82500000000,     36.82500000000,     36.90000000000,     36.90000000000,     -2.44212963000,     36.85648148000,0,Almeria,P,PPL,     51.00000000000,             179405,      0.00000000000,  -9999.00000000000,Europe/Madrid,GeoNames match with ascii name + lat + long whole numbers.,0,,      0.00000000000,      0.00000000000,      0.00000000000,      0.00000000000,      0.00000000000,      0.00000000000,      0.00000000000,      0.00000000000,      0.00000000000,      0.00000000000,      0.00000000000,      0.00000000000,      0.00000000000,      0.00000000000,      0.00000000000,      0.00000000000,      0.00000000000,      0.00000000000,      0.00000000000,
7,20,3,Populated place,Malaga,,,0,Malaga,      0.00000000000,      0.00000000000,,      0.00000000000,0,Kingdom of Spain,ESP,Spain,ESP,Andalucía,ES,,     36.72040590320,     -4.41999922832,      0.00000000000,0,,550058,528705,527843,11,11,2514256.00000000000,,Malaga,1,0,             528705,             528705,                  0,                  0,                  0,                 20,                 74,     74.00000000000,     29.00000000000,     29.00000000000,     77.00000000000,     77.00000000000,     48.00000000000,     48.00000000000,     -4.50833333000,     -4.50833333000,     -4.33333333000,     -4.33333333000,     36.65833333000,     36.65833333000,     36.76666667000,     36.76666667000,     -4.44104938000,     36.71898148000,0,Malaga,P,PPL,     51.00000000000,             550058,      0.00000000000,      1.00000000000,Europe/Madrid,Geonames ascii name + lat.d + long.d matching.,0,,      0.00000000000,      0.00000000000,      0.00000000000,      0.00000000000,      0.00000000000,      0.00000000000,      0.00000000000,      0.00000000000,      0.00000000000,      0.00000000000,      0.00000000000,      0.00000000000,      0.00000000000,      0.00000000000,      0.00000000000,      0.00000000000,      0.00000000000,      0.00000000000,      0.00000000000,
7,20,3,Populated place,Jaén,,,1,Jaen,      0.00000000000,      0.00000000000,,      0.00000000000,0,Kingdom of Spain,ESP,Spain,ESP,Andalucía,ES,,     37.77039349270,     -3.79998539368,      4.00000000000,1,Name changed.,116400,69418,68615,9,8,2516395.00000000000,,JaÌ©n,1,0,              69418,              69418,                  0,                  0,                  0,                 20,                 24,     24.00000000000,      9.00000000000,      9.00000000000,     28.00000000000,     28.00000000000,     18.00000000000,     18.00000000000,     -3.82500000000,     -3.82500000000,     -3.75000000000,     -3.75000000000,     37.75000000000,     37.75000000000,     37.80833333000,     37.80833333000,     -3.78865741000,     37.77569444000,1,Jaen,P,PPL,     51.00000000000,             116400,      0.00000000000,    537.00000000000,Europe/Madrid,Geonames ascii name + lat.d + long.d matching.,0,,      0.00000000000,      0.00000000000,      0.00000000000,      0.00000000000,      0.00000000000,      0.00000000000,      0.00000000000,      0.00000000000,      0.00000000000,      0.00000000000,      0.00000000000,      0.00000000000,      0.00000000000,      0.00000000000,      0.00000000000,      0.00000000000,      0.00000000000,      0.00000000000,      0.00000000000,
7,20,3,Populated place,Huelva,,,0,Huelva,      0.00000000000,      0.00000000000,,      0.00000000000,0,Kingdom of Spain,ESP,Spain,ESP,Andalucía,ES,,     37.25037355450,     -6.92994938295,      0.00000000000,0,,144174,95290,0,9,8,2516548.00000000000,,Huelva,1,0,              95290,              95290,                  0,                  0,                  0,                 20,                 29,     29.00000000000,     11.00000000000,     11.00000000000,     43.00000000000,     43.00000000000,     27.00000000000,     27.00000000000,     -6.96666667000,     -6.96666667000,     -6.90000000000,     -6.90000000000,     37.20833333000,     37.20833333000,     37.30833333000,     37.30833333000,     -6.93690476000,     37.26468254000,0,Huelva,P,PPL,     51.00000000000,             144174,      0.00000000000,      1.00000000000,Europe/Madrid,GeoNames match with ascii name + lat + long whole numbers.,0,,      0.00000000000,      0.00000000000,      0.00000000000,      0.00000000000,      0.00000000000,      0.00000000000,      0.00000000000,      0.00000000000,      0.00000000000,      0.00000000000,      0.00000000000,      0.00000000000,      0.00000000000,      0.00000000000,      0.00000000000,      0.00000000000,      0.00000000000,      0.00000000000,      0.00000000000,
7,20,3,Populated place,Lorca,,,0,Lorca,      0.00000000000,      0.00000000000,,      0.00000000000,0,Kingdom of Spain,ESP,Spain,ESP,Región de Murcia,ES,,     37.68856386210,     -1.69851159810,      0.00000000000,0,,86119,26964,26964,8,7,2514891.00000000000,,Lorca,1,0,              26964,              26964,                  0,                  0,                  0,                 20,                 20,     20.00000000000,      8.00000000000,      8.00000000000,     37.00000000000,     37.00000000000,     23.00000000000,     23.00000000000,     -1.74166667000,     -1.74166667000,     -1.65833333000,     -1.65833333000,     37.63333333000,     37.63333333000,     37.71666667000,     37.71666667000,     -1.70100575000,     37.67428161000,0,Lorca,P,PPL,     31.00000000000,              86119,      0.00000000000,    307.00000000000,Europe/Madrid,Geonames ascii name + lat.d + long.d matching.,0,,      0.00000000000,      0.00000000000,      0.00000000000,      0.00000000000,      0.00000000000,      0.00000000000,      0.00000000000,      0.00000000000,      0.00000000000,      0.00000000000,      0.00000000000,      0.00000000000,      0.00000000000,      0.00000000000,      0.00000000000,      0.00000000000,      0.00000000000,      0.00000000000,      0.00000000000,
7,20,3,Populated place,Cartagena,,,0,Cartagena,      0.00000000000,      0.00000000000,,      0.00000000000,0,Kingdom of Spain,ESP,Spain,ESP,Región de Murcia,ES,,     37.60042970690,     -0.98002832173,      0.00000000000,0,,201274,131279,889780,10,9,2520058.00000000000,,Cartagena2,1,0,             131279,             131279,                  0,                  0,                  0,                 20,                 49,     49.00000000000,     19.00000000000,     19.00000000000,     57.00000000000,     57.00000000000,     36.00000000000,     36.00000000000,     -1.05833333000,     -1.05833333000,     -0.93333333000,     -0.93333333000,     37.58333333000,     37.58333333000,     37.67500000000,     37.67500000000,     -0.99456019000,     37.62245370000,0,Cartagena,P,PPL,     31.00000000000,             201274,      0.00000000000,  -9999.00000000000,Europe/Madrid,Geonames ascii name + lat.d + long.d matching.,0,,      0.00000000000,      0.00000000000,      0.00000000000,      0.00000000000,      0.00000000000,      0.00000000000,      0.00000000000,      0.00000000000,      0.00000000000,      0.00000000000,      0.00000000000,      0.00000000000,      0.00000000000,      0.00000000000,      0.00000000000,      0.00000000000,      0.00000000000,      0.00000000000,      0.00000000000,
7,20,6,Populated place,Portimao,,,0,Portimao,      0.00000000000,      0.00000000000,,      0.00000000000,0,Portugal,PRT,Portugal,PRT,Faro,PT,,     37.13373984680,     -8.53331404767,      0.00000000000,0,,61226,38487,60648,8,7,2264456.00000000000,,Portimao,1,0,              61226,              61226,                  0,                  0,                  0,                 20,                 55,     55.00000000000,     21.00000000000,     21.00000000000,     67.00000000000,     67.00000000000,     41.00000000000,     41.00000000000,     -8.60000000000,     -8.60000000000,     -8.43333333000,     -8.43333333000,     37.08333333000,     37.08333333000,     37.16666667000,     37.16666667000,     -8.51743827000,     37.12587449000,0,Portimao,P,PPL,      9.00000000000,              38487,      0.00000000000,     16.00000000000,Europe/Lisbon,Geonames ascii name + lat.d + long.d matching.,0,,      0.00000000000,      0.00000000000,      0.00000000000,      0.00000000000,      0.00000000000,      0.00000000000,      0.00000000000,      0.00000000000,      0.00000000000,      0.00000000000,      0.00000000000,      0.00000000000,      0.00000000000,      0.00000000000,      0.00000000000,      0.00000000000,      0.00000000000,      0.00000000000,      0.00000000000,
7,20,6,Admin-1 capital,Faro,,,0,Faro,      0.00000000000,      0.00000000000,,      0.00000000000,0,Portugal,PRT,Portugal,PRT,Faro,PT,,     37.01708030090,     -7.93327315412,      0.00000000000,0,,41355,21163,19573,7,7,2268339.00000000000,,Faro,1,0,              21163,              21163,                  0,                  0,                  0,                 20,                 20,     20.00000000000,      8.00000000000,      8.00000000000,     31.00000000000,     31.00000000000,     20.00000000000,     20.00000000000,     -7.97500000000,     -7.97500000000,     -7.90833333000,     -7.90833333000,     37.00833333000,     37.00833333000,     37.05833333000,     37.05833333000,     -7.93979885000,     37.03031609000,0,Faro,P,PPLA,      9.00000000000,              41355,      0.00000000000,     12.00000000000,Europe/Lisbon,GeoNames match general.,0,,      0.00000000000,      0.00000000000,      0.00000000000,      0.00000000000,      0.00000000000,      0.00000000000,      0.00000000000,      0.00000000000,      0.00000000000,      0.00000000000,      0.00000000000,      0.00000000000,      0.00000000000,      0.00000000000,      0.00000000000,      0.00000000000,      0.00000000000,      0.00000000000,      0.00000000000,
7,20,5,Populated place,Ksar El Kebir,,,0,Ksar El Kebir,      0.00000000000,      0.00000000000,,      0.00000000000,0,Morocco,MAR,Morocco,MAR,Tanger - Tétouan,MA,,     35.02038047180,     -5.90998580059,      4.00000000000,0,Changed scale rank.,306600,108753,306600,10,9,2544001.00000000000,,Ksar El Kebir,1,0,             306600,                  0,                  0,                  0,                  0,                 10,                 18,     18.00000000000,      7.00000000000,      7.00000000000,     22.00000000000,     22.00000000000,     14.00000000000,     14.00000000000,     -5.93333333000,     -5.93333333000,     -5.88333333000,     -5.88333333000,     34.97500000000,     34.97500000000,     35.03333333000,     35.03333333000,     -5.90641026000,     35.00256410000,0,Ksar el Kebir,P,PPL,     57.00000000000,             108753,      0.00000000000,     25.00000000000,Africa/Casablanca,GeoNames spatial join with similar names only.,0,,      0.00000000000,      0.00000000000,      0.00000000000,      0.00000000000,      0.00000000000,      0.00000000000,      0.00000000000,      0.00000000000,      0.00000000000,      0.00000000000,      0.00000000000,      0.00000000000,      0.00000000000,      0.00000000000,      0.00000000000,      0.00000000000,      0.00000000000,      0.00000000000,      0.00000000000,
7,20,5,Populated place,Larache,,,0,Larache,      0.00000000000,      0.00000000000,,      0.00000000000,0,Morocco,MAR,Morocco,MAR,Tanger - Tétouan,MA,,     35.20042116190,     -6.16002221824,      0.00000000000,0,,120082,109294,0,9,9,2543549.00000000000,,Larache,1,0,             120082,             120082,                  0,                  0,                  0,                 20,                 15,     15.00000000000,      6.00000000000,      6.00000000000,     18.00000000000,     18.00000000000,     11.00000000000,     11.00000000000,     -6.16666667000,     -6.16666667000,     -6.12500000000,     -6.12500000000,     35.15833333000,     35.15833333000,     35.20833333000,     35.20833333000,     -6.14702381000,     35.18115079000,0,Larache,P,PPL,     57.00000000000,             109294,      0.00000000000,     56.00000000000,Africa/Casablanca,Geonames ascii name + lat.d + long.d matching.,0,,      0.00000000000,      0.00000000000,      0.00000000000,      0.00000000000,      0.00000000000,      0.00000000000,      0.00000000000,      0.00000000000,      0.00000000000,      0.00000000000,      0.00000000000,      0.00000000000,      0.00000000000,      0.00000000000,      0.00000000000,      0.00000000000,      0.00000000000,      0.00000000000,      0.00000000000,
7,20,5,Populated place,Taza,,,0,Taza,      0.00000000000,      0.00000000000,,      0.00000000000,0,Morocco,MAR,Morocco,MAR,Taza - Al Hoceima - Taounate,MA,,     34.22037762350,     -4.01997196595,      0.00000000000,0,,199633,141890,194359,9,9,2529317.00000000000,,Taza,1,0,             199633,             199633,                  0,                  0,                  0,                 20,                 26,     26.00000000000,     10.00000000000,     10.00000000000,     30.00000000000,     30.00000000000,     19.00000000000,     19.00000000000,     -4.03333333000,     -4.03333333000,     -3.96666667000,     -3.96666667000,     34.19166667000,     34.19166667000,     34.25000000000,     34.25000000000,     -4.00000000000,     34.22037037000,0,Taza,P,PPLA,     58.00000000000,             141890,      0.00000000000,    599.00000000000,Africa/Casablanca,Geonames ascii name + lat.d + long.d matching.,0,,      0.00000000000,      0.00000000000,      0.00000000000,      0.00000000000,      0.00000000000,      0.00000000000,      0.00000000000,      0.00000000000,      0.00000000000,      0.00000000000,      0.00000000000,      0.00000000000,      0.00000000000,      0.00000000000,      0.00000000000,      0.00000000000,      0.00000000000,      0.00000000000,      0.00000000000,
7,20,5,Populated place,Ouezzane,,,0,Ouezzane,      0.00000000000,      0.00000000000,,      0.00000000000,0,Morocco,MAR,Morocco,MAR,Gharb - Chrarda - Béni Hssen,MA,,     34.81034161280,     -5.57000655254,      0.00000000000,0,,69658,58684,68051,8,8,2540810.00000000000,,Ouezzane,1,1,              69658,              69658,                  0,                  0,                  0,                 20,                 32,     32.00000000000,     13.00000000000,     13.00000000000,     44.00000000000,     44.00000000000,     27.00000000000,     27.00000000000,     -5.60833333000,     -5.60833333000,     -5.52500000000,     -5.52500000000,     34.78333333000,     34.78333333000,     34.89166667000,     34.89166667000,     -5.56123188000,     34.82608696000,0,Ouazzane,P,PPL,     52.00000000000,              58684,      0.00000000000,    221.00000000000,Africa/Casablanca,GeoNames spatial join with similar names only.,0,,      0.00000000000,      0.00000000000,      0.00000000000,      0.00000000000,      0.00000000000,      0.00000000000,      0.00000000000,      0.00000000000,      0.00000000000,      0.00000000000,      0.00000000000,      0.00000000000,      0.00000000000,      0.00000000000,      0.00000000000,      0.00000000000,      0.00000000000,      0.00000000000,      0.00000000000,
7,20,5,Populated place,Kenitra,,,0,Kenitra,      0.00000000000,      0.00000000000,,      0.00000000000,0,Morocco,MAR,Morocco,MAR,Gharb - Chrarda - Béni Hssen,MA,,     34.27040041000,     -6.57999658347,      0.00000000000,0,,551786,366570,543832,11,10,2544571.00000000000,,Kenitra,1,0,             551786,             551786,                  0,                  0,                  0,                 20,                 89,     89.00000000000,     34.00000000000,     34.00000000000,     92.00000000000,     92.00000000000,     57.00000000000,     57.00000000000,     -6.64166667000,     -6.64166667000,     -6.47500000000,     -6.47500000000,     34.22500000000,     34.22500000000,     34.32500000000,     34.32500000000,     -6.56476667000,     34.27176667000,0,Kenitra,P,PPLA,     52.00000000000,             366570,      0.00000000000,     31.00000000000,Africa/Casablanca,Geonames ascii name + lat.d + long.d matching.,0,,      0.00000000000,      0.00000000000,      0.00000000000,      0.00000000000,      0.00000000000,      0.00000000000,      0.00000000000,      0.00000000000,      0.00000000000,      0.00000000000,      0.00000000000,      0.00000000000,      0.00000000000,      0.00000000000,      0.00000000000,      0.00000000000,      0.00000000000,      0.00000000000,      0.00000000000,
7,20,5,Populated place,Settat,,,0,Settat,      0.00000000000,      0.00000000000,,      0.00000000000,0,Morocco,MAR,Morocco,MAR,Chaouia - Ouardigha,MA,,     33.01042563780,     -7.62001062156,      0.00000000000,0,,161748,119082,160686,9,9,2537406.00000000000,,Settat,1,0,             161748,             161748,                  0,                  0,                  0,                 20,                 27,     27.00000000000,     10.00000000000,     10.00000000000,     41.00000000000,     41.00000000000,     26.00000000000,     26.00000000000,     -7.65000000000,     -7.65000000000,     -7.57500000000,     -7.57500000000,     32.96666667000,     32.96666667000,     33.05000000000,     33.05000000000,     -7.61317568000,     33.00529279000,0,Settat,P,PPLA,     50.00000000000,             119082,      0.00000000000,    403.00000000000,Africa/Casablanca,Geonames ascii name + lat.d + long.d matching.,0,,      0.00000000000,      0.00000000000,      0.00000000000,      0.00000000000,      0.00000000000,      0.00000000000,      0.00000000000,      0.00000000000,      0.00000000000,      0.00000000000,      0.00000000000,      0.00000000000,      0.00000000000,      0.00000000000,      0.00000000000,      0.00000000000,      0.00000000000,      0.00000000000,      0.00000000000,
7,20,5,Populated place,Er Rachidia,,,0,Er Rachidia,      0.00000000000,      0.00000000000,,      0.00000000000,0,Morocco,MAR,Morocco,MAR,Meknès - Tafilalet,MA,,     31.94041343080,     -4.44997155905,      0.00000000000,0,,228489,228489,228339,10,10,     -1.00000000000,,Er Rachidia,1,0,             228489,             228489,                  0,                  0,                  0,                 20,                 46,     46.00000000000,     18.00000000000,     18.00000000000,     50.00000000000,     50.00000000000,     31.00000000000,     31.00000000000,     -4.47500000000,     -4.47500000000,     -4.38333333000,     -4.38333333000,     31.89166667000,     31.89166667000,     31.98333333000,     31.98333333000,     -4.42638889000,     31.93392857000,0,,,,      0.00000000000,                  0,      0.00000000000,      0.00000000000,,"No GeoNames match due to small population, not in GeoNames, or poor NEV placement.",0,,      0.00000000000,      0.00000000000,      0.00000000000,      0.00000000000,      0.00000000000,      0.00000000000,      0.00000000000,      0.00000000000,      0.00000000000,      0.00000000000,      0.00000000000,      0.00000000000,      0.00000000000,      0.00000000000,      0.00000000000,      0.00000000000,      0.00000000000,      0.00000000000,      0.00000000000,
7,20,5,Admin-1 capital,Meknes,,,0,Meknes,      0.00000000000,      0.00000000000,,      0.00000000000,0,Morocco,MAR,Morocco,MAR,Meknès - Tafilalet,MA,,     33.90042299300,     -5.55998132468,      4.00000000000,0,Changed scale rank.,697628,545705,693854,11,11,2542715.00000000000,,Meknes,1,0,             697628,                  0,                  0,                  0,                  0,                 10,                150,    150.00000000000,     58.00000000000,     58.00000000000,    175.00000000000,    175.00000000000,    109.00000000000,    109.00000000000,     -5.66666667000,     -5.66666667000,     -5.42500000000,     -5.42500000000,     33.83333333000,     33.83333333000,     33.98333333000,     33.98333333000,     -5.54946682000,     33.88880332000,0,Meknes,P,PPLA,     48.00000000000,             545705,      0.00000000000,    548.00000000000,Africa/Casablanca,GeoNames match general.,0,,      0.00000000000,      0.00000000000,      0.00000000000,      0.00000000000,      0.00000000000,      0.00000000000,      0.00000000000,      0.00000000000,      0.00000000000,      0.00000000000,      0.00000000000,      0.00000000000,      0.00000000000,      0.00000000000,      0.00000000000,      0.00000000000,      0.00000000000,      0.00000000000,      0.00000000000,
7,20,5,Populated place,Tiznit,,,0,Tiznit,      0.00000000000,      0.00000000000,,      0.00000000000,0,Morocco,MAR,Morocco,MAR,Souss - Massa - Draâ,MA,,     29.71042034810,     -9.73998457990,      0.00000000000,0,,57705,55092,0,8,8,2527089.00000000000,,Tiznit,1,0,              57705,              57705,                  0,                  0,                  0,                 20,                 19,     19.00000000000,      7.00000000000,      7.00000000000,     31.00000000000,     31.00000000000,     19.00000000000,     19.00000000000,     -9.78333333000,     -9.78333333000,     -9.70833333000,     -9.70833333000,     29.67500000000,     29.67500000000,     29.74166667000,     29.74166667000,     -9.74102564000,     29.70288462000,0,Tiznit,P,PPL,     55.00000000000,              55092,      0.00000000000,    245.00000000000,Africa/Casablanca,Geonames ascii name + lat.d + long.d matching.,0,,      0.00000000000,      0.00000000000,      0.00000000000,      0.00000000000,      0.00000000000,      0.00000000000,      0.00000000000,      0.00000000000,      0.00000000000,      0.00000000000,      0.00000000000,      0.00000000000,      0.00000000000,      0.00000000000,      0.00000000000,      0.00000000000,      0.00000000000,      0.00000000000,      0.00000000000,
7,20,5,Populated place,El Jadida,,,0,El Jadida,      0.00000000000,      0.00000000000,,      0.00000000000,0,Morocco,MAR,Morocco,MAR,Doukkala - Abda,MA,,     33.26035870260,     -8.50998213849,      4.00000000000,0,Changed scale rank.,180470,147549,179168,9,9,2550078.00000000000,,El Jadida,1,0,             180470,                  0,                  0,                  0,                  0,                 10,                 42,     42.00000000000,     16.00000000000,     16.00000000000,     60.00000000000,     60.00000000000,     37.00000000000,     37.00000000000,     -8.55833333000,     -8.55833333000,     -8.44166667000,     -8.44166667000,     33.19166667000,     33.19166667000,     33.26666667000,     33.26666667000,     -8.49922316000,     33.23185028000,0,El Jadida,P,PPL,     51.00000000000,             147549,      0.00000000000,      1.00000000000,Africa/Casablanca,GeoNames spatial join with similar names only.,0,,      0.00000000000,      0.00000000000,      0.00000000000,      0.00000000000,      0.00000000000,      0.00000000000,      0.00000000000,      0.00000000000,      0.00000000000,      0.00000000000,      0.00000000000,      0.00000000000,      0.00000000000,      0.00000000000,      0.00000000000,      0.00000000000,      0.00000000000,      0.00000000000,      0.00000000000,
7,20,5,Populated place,Tan Tan,,,0,Tan Tan,      0.00000000000,      0.00000000000,,      0.00000000000,0,Morocco,MAR,Morocco,MAR,Guelmim - Es-Semara,MA,,     28.43039512020,    -11.10003076320,      0.00000000000,0,,64868,61924,64868,8,8,2530241.00000000000,,Tan Tan,1,0,              64868,              64868,                  0,                  0,                  0,                 20,                 18,     18.00000000000,      7.00000000000,      7.00000000000,     23.00000000000,     23.00000000000,     14.00000000000,     14.00000000000,    -11.12500000000,    -11.12500000000,    -11.07500000000,    -11.07500000000,     28.40833333000,     28.40833333000,     28.45833333000,     28.45833333000,    -11.10000000000,     28.43472222000,0,Tan-Tan,P,PPL,     53.00000000000,              61924,      0.00000000000,     31.00000000000,Africa/Casablanca,GeoNames spatial join with similar names only.,0,,      0.00000000000,      0.00000000000,      0.00000000000,      0.00000000000,      0.00000000000,      0.00000000000,      0.00000000000,      0.00000000000,      0.00000000000,      0.00000000000,      0.00000000000,      0.00000000000,      0.00000000000,      0.00000000000,      0.00000000000,      0.00000000000,      0.00000000000,      0.00000000000,      0.00000000000,
7,20,5,Admin-1 capital,Sidi bel Abbes,,Sidi-Bel-Abbes,0,Sidi bel Abbes,      0.00000000000,      0.00000000000,,      0.00000000000,0,Algeria,DZA,Algeria,DZA,Sidi Bel Abbès,DZ,,     35.19034425760,     -0.63997155903,      4.00000000000,0,Changed scale rank.,208604,191769,195921,10,9,2481007.00000000000,,Sidi bel Abbes,1,0,             208604,                  0,                  0,                  0,                  0,                 10,                 37,     37.00000000000,     14.00000000000,     14.00000000000,     36.00000000000,     36.00000000000,     22.00000000000,     22.00000000000,     -0.66666667000,     -0.66666667000,     -0.57500000000,     -0.57500000000,     35.16666667000,     35.16666667000,     35.23333333000,     35.23333333000,     -0.62067610000,     35.19567610000,0,Sidi Bel Abbes,P,PPL,     30.00000000000,             191769,      0.00000000000,    476.00000000000,Africa/Algiers,GeoNames spatial join with similar names only.,0,,      0.00000000000,      0.00000000000,      0.00000000000,      0.00000000000,      0.00000000000,      0.00000000000,      0.00000000000,      0.00000000000,      0.00000000000,      0.00000000000,      0.00000000000,      0.00000000000,      0.00000000000,      0.00000000000,      0.00000000000,      0.00000000000,      0.00000000000,      0.00000000000,      0.00000000000,
7,20,5,Admin-1 capital,Tlimcen,,Tlemcen,0,Tlimcen,      0.00000000000,      0.00000000000,,      0.00000000000,0,Algeria,DZA,Algeria,DZA,Tlemcen,DZ,,     34.89041424460,     -1.32000756978,      0.00000000000,0,,229777,132341,228905,10,9,2475687.00000000000,,Tlimcen,1,0,             229777,             229777,                  0,                  0,                  0,                 20,                 63,     63.00000000000,     24.00000000000,     24.00000000000,     65.00000000000,     65.00000000000,     40.00000000000,     40.00000000000,     -1.38333333000,     -1.38333333000,     -1.24166667000,     -1.24166667000,     34.85000000000,     34.85000000000,     34.94166667000,     34.94166667000,     -1.31250000000,     34.89064815000,0,Tlemcen,P,PPL,     15.00000000000,             132341,      0.00000000000,    843.00000000000,Africa/Algiers,GeoNames spatial join with similar names only.,0,,      0.00000000000,      0.00000000000,      0.00000000000,      0.00000000000,      0.00000000000,      0.00000000000,      0.00000000000,      0.00000000000,      0.00000000000,      0.00000000000,      0.00000000000,      0.00000000000,      0.00000000000,      0.00000000000,      0.00000000000,      0.00000000000,      0.00000000000,      0.00000000000,      0.00000000000,
7,20,5,Populated place,Beni Ounif,,,0,Beni Ounif,      0.00000000000,      0.00000000000,,      0.00000000000,0,Algeria,DZA,Algeria,DZA,Béchar,DZ,,     32.04926983540,     -1.25138126770,      0.00000000000,0,,5628,5628,5628,5,5,     -1.00000000000,,Beni Ounif,1,0,               5628,               5628,                  0,                  0,                  0,                 20,                  4,      4.00000000000,      1.00000000000,      1.00000000000,      9.00000000000,      9.00000000000,      5.00000000000,      5.00000000000,     -1.25833333000,     -1.25833333000,     -1.23333333000,     -1.23333333000,     32.04166667000,     32.04166667000,     32.05833333000,     32.05833333000,     -1.24750000000,     32.04916667000,0,,,,      0.00000000000,                  0,      0.00000000000,      0.00000000000,,,0,,      0.00000000000,      0.00000000000,      0.00000000000,      0.00000000000,      0.00000000000,      0.00000000000,      0.00000000000,      0.00000000000,      0.00000000000,      0.00000000000,      0.00000000000,      0.00000000000,      0.00000000000,      0.00000000000,      0.00000000000,      0.00000000000,      0.00000000000,      0.00000000000,      0.00000000000,
7,20,5,Populated place,Abadla,,,0,Abadla,      0.00000000000,      0.00000000000,,      0.00000000000,0,Algeria,DZA,Algeria,DZA,Béchar,DZ,,     31.01708477680,     -2.73330631653,      0.00000000000,0,,14364,14364,0,6,6,     -1.00000000000,,Abadla,0,0,                  0,                  0,                  0,                  0,                  0,                  0,                  0,      0.00000000000,      0.00000000000,      0.00000000000,      0.00000000000,      0.00000000000,      0.00000000000,      0.00000000000,      0.00000000000,      0.00000000000,      0.00000000000,      0.00000000000,      0.00000000000,      0.00000000000,      0.00000000000,      0.00000000000,      0.00000000000,      0.00000000000,0,,,,      0.00000000000,                  0,      0.00000000000,      0.00000000000,,"No GeoNames match due to small population, not in GeoNames, or poor NEV placement.",0,,      0.00000000000,      0.00000000000,      0.00000000000,      0.00000000000,      0.00000000000,      0.00000000000,      0.00000000000,      0.00000000000,      0.00000000000,      0.00000000000,      0.00000000000,      0.00000000000,      0.00000000000,      0.00000000000,      0.00000000000,      0.00000000000,      0.00000000000,      0.00000000000,      0.00000000000,
7,20,5,Populated place,Sefra,,,0,Sefra,      0.00000000000,      0.00000000000,,      0.00000000000,0,Algeria,DZA,Algeria,DZA,Naâma,DZ,,     32.76041505840,     -0.57994938293,      4.00000000000,0,Changed scale rank.,63420,38816,38664,8,7,2507943.00000000000,,Sefra,1,0,              38816,                  0,                  0,                  0,                  0,                 10,                 12,     12.00000000000,      4.00000000000,      4.00000000000,     16.00000000000,     16.00000000000,     10.00000000000,     10.00000000000,     -0.60000000000,     -0.60000000000,     -0.55833333000,     -0.55833333000,     32.73333333000,     32.73333333000,     32.76666667000,     32.76666667000,     -0.57916667000,     32.75208333000,0,Ain Sefra,P,PPL,      0.00000000000,              63420,      0.00000000000,   1082.00000000000,Africa/Algiers,GeoNames spatial join with similar names only.,0,,      0.00000000000,      0.00000000000,      0.00000000000,      0.00000000000,      0.00000000000,      0.00000000000,      0.00000000000,      0.00000000000,      0.00000000000,      0.00000000000,      0.00000000000,      0.00000000000,      0.00000000000,      0.00000000000,      0.00000000000,      0.00000000000,      0.00000000000,      0.00000000000,      0.00000000000,
6,30,3,Populated place,Cadiz,,,0,Cadiz,      0.00000000000,      0.00000000000,,      0.00000000000,0,Kingdom of Spain,ESP,Spain,ESP,Andalucía,ES,,     36.53499086410,     -6.22500533184,      1.00000000000,0,Changed scale rank.,283157,24708,381223,10,7,2520600.00000000000,,Cadiz2,1,0,              24708,             283157,                  0,                  0,                  0,                 20,                 11,    269.00000000000,      4.00000000000,    104.00000000000,     25.00000000000,    288.00000000000,     15.00000000000,    179.00000000000,     -6.25000000000,    123.14166667000,     -6.16666667000,    123.53333333000,     10.79166667000,     36.50833333000,     10.98333333000,     36.54166667000,     58.56833333000,     23.71117187500,0,Cadiz,P,PPL,     51.00000000000,             131923,      0.00000000000,     36.00000000000,Europe/Madrid,GeoNames match with ascii name + lat + long whole numbers.,0,,      0.00000000000,      0.00000000000,      0.00000000000,      0.00000000000,      0.00000000000,      0.00000000000,      0.00000000000,      0.00000000000,      0.00000000000,      0.00000000000,      0.00000000000,      0.00000000000,      0.00000000000,      0.00000000000,      0.00000000000,      0.00000000000,      0.00000000000,      0.00000000000,      0.00000000000,
6,30,3,Populated place,Granada,,,0,Granada,      0.00000000000,      0.00000000000,,      0.00000000000,0,Kingdom of Spain,ESP,Spain,ESP,Andalucía,ES,,     37.16497825020,     -3.58501143535,      1.00000000000,0,Changed scale rank.,388290,238248,105219,10,10,2517117.00000000000,,Granada2,1,0,             388290,             388290,                  0,                  0,                  0,                 20,                113,    113.00000000000,     44.00000000000,     44.00000000000,    127.00000000000,    127.00000000000,     79.00000000000,     79.00000000000,     -3.70833333000,     -3.70833333000,     -3.55000000000,     -3.55000000000,     37.09166667000,     37.09166667000,     37.25833333000,     37.25833333000,     -3.62492424000,     37.17512626000,0,Granada,P,PPL,     51.00000000000,             238248,      0.00000000000,    658.00000000000,Europe/Madrid,Geonames ascii name + lat.d + long.d matching.,0,,      0.00000000000,      0.00000000000,      0.00000000000,      0.00000000000,      0.00000000000,      0.00000000000,      0.00000000000,      0.00000000000,      0.00000000000,      0.00000000000,      0.00000000000,      0.00000000000,      0.00000000000,      0.00000000000,      0.00000000000,      0.00000000000,      0.00000000000,      0.00000000000,      0.00000000000,
6,30,8,Admin-0 region capital,Gibraltar,,,0,Gibraltar,      0.00000000000,      0.00000000000,,      0.00000000000,0,United Kingdom,GBR,Gibraltar,GIB,Gibraltar,GI,,     36.13243494600,     -5.37807482973,      1.00000000000,0,Location adjusted. Changed scale rank.,187083,26544,85683,9,7,2411585.00000000000,,Gibraltar,1,0,              89061,             187083,                  0,                  0,                  0,                 20,                 26,     65.00000000000,     10.00000000000,     25.00000000000,     40.00000000000,     90.00000000000,     25.00000000000,     56.00000000000,     -5.48333333000,     -5.41105373000,     -5.33333333000,     -5.33333333000,     36.09166667000,     36.10833333000,     36.20833333000,     36.22500000000,     -5.38897571000,     36.16298600500,0,Gibraltar,P,PPLC,      0.00000000000,              26544,      0.00000000000,    448.00000000000,Europe/Gibraltar,GeoNames match general.,0,,      0.00000000000,      0.00000000000,      0.00000000000,      0.00000000000,      0.00000000000,      0.00000000000,      0.00000000000,      0.00000000000,      0.00000000000,      0.00000000000,      0.00000000000,      0.00000000000,      0.00000000000,      0.00000000000,      0.00000000000,      0.00000000000,      0.00000000000,      0.00000000000,      0.00000000000,
6,30,3,Admin-1 capital,Murcia,,,0,Murcia,      0.00000000000,      0.00000000000,,      0.00000000000,0,Kingdom of Spain,ESP,Spain,ESP,Región de Murcia,ES,,     37.97999310210,     -1.12996749003,      1.00000000000,0,Changed scale rank.,406807,329838,289455,10,10,2513416.00000000000,,Murcia,1,0,             329838,                  0,                  0,                  0,                  0,                 10,                178,    178.00000000000,     69.00000000000,     69.00000000000,      0.00000000000,      0.00000000000,      0.00000000000,      0.00000000000,     -1.28333333000,     -1.28333333000,     -1.05833333000,     -1.05833333000,     37.91666667000,     37.91666667000,     38.10833333000,     38.10833333000,     -1.17660013000,     38.00714512000,0,Murcia,P,PPLA,     31.00000000000,             406807,      0.00000000000,     28.00000000000,Europe/Madrid,GeoNames match general.,0,,      0.00000000000,      0.00000000000,      0.00000000000,      0.00000000000,      0.00000000000,      0.00000000000,      0.00000000000,      0.00000000000,      0.00000000000,      0.00000000000,      0.00000000000,      0.00000000000,      0.00000000000,      0.00000000000,      0.00000000000,      0.00000000000,      0.00000000000,      0.00000000000,      0.00000000000,
6,30,3,Admin-1 capital,Ceuta,,,0,Ceuta,      0.00000000000,      0.00000000000,,      0.00000000000,0,Kingdom of Spain,ESP,Spain,ESP,Ceuta,ES,,     35.88898378400,     -5.30699935039,      1.00000000000,1,Added place.,78674,78674,0,8,8,     -1.00000000000,,,2,0,                  0,                  0,                  0,                  0,                  0,                  0,                  0,      0.00000000000,      0.00000000000,      0.00000000000,      0.00000000000,      0.00000000000,      0.00000000000,      0.00000000000,      0.00000000000,      0.00000000000,      0.00000000000,      0.00000000000,      0.00000000000,      0.00000000000,      0.00000000000,      0.00000000000,      0.00000000000,      0.00000000000,1,,,,      0.00000000000,                  0,      0.00000000000,      0.00000000000,,"No GeoNames match due to small population, not in GeoNames, or poor NEV placement.",0,,      0.00000000000,      0.00000000000,      0.00000000000,      0.00000000000,      0.00000000000,      0.00000000000,      0.00000000000,      0.00000000000,      0.00000000000,      0.00000000000,      0.00000000000,      0.00000000000,      0.00000000000,      0.00000000000,      0.00000000000,      0.00000000000,      0.00000000000,      0.00000000000,      0.00000000000,
6,30,3,Admin-1 capital,Melilla,,,0,Melilla,      0.00000000000,      0.00000000000,,      0.00000000000,0,Kingdom of Spain,ESP,Spain,ESP,Melilla,ES,,     35.30000164700,     -2.95001143535,      1.00000000000,0,Changed scale rank.,141308,73460,131418,9,8,2513947.00000000000,,Melilla,1,0,             141308,             141308,                  0,                  0,                  0,                 20,                 36,     36.00000000000,     14.00000000000,     14.00000000000,     46.00000000000,     46.00000000000,     28.00000000000,     28.00000000000,     -2.99166667000,     -2.99166667000,     -2.91666667000,     -2.91666667000,     35.24166667000,     35.24166667000,     35.34166667000,     35.34166667000,     -2.95705128000,     35.28942308000,0,Melilla,P,PPLA,      0.00000000000,              67838,      0.00000000000,     70.00000000000,Africa/Ceuta,GeoNames match general.,0,,      0.00000000000,      0.00000000000,      0.00000000000,      0.00000000000,      0.00000000000,      0.00000000000,      0.00000000000,      0.00000000000,      0.00000000000,      0.00000000000,      0.00000000000,      0.00000000000,      0.00000000000,      0.00000000000,      0.00000000000,      0.00000000000,      0.00000000000,      0.00000000000,      0.00000000000,
6,30,5,Populated place,Tangier,,,0,Tangier,      0.00000000000,      0.00000000000,,      0.00000000000,0,Morocco,MAR,Morocco,MAR,Tanger - Tétouan,MA,,     35.74728700670,     -5.83270369610,      1.00000000000,0,Changed scale rank.,750060,688356,739823,11,11,2530335.00000000000,,Tangier,1,0,             750060,             750060,                  0,                  0,                  0,                 20,                141,    141.00000000000,     55.00000000000,     55.00000000000,    170.00000000000,    170.00000000000,    106.00000000000,    106.00000000000,     -5.93333333000,     -5.93333333000,     -5.65833333000,     -5.65833333000,     35.64166667000,     35.64166667000,     35.83333333000,     35.83333333000,     -5.82756568000,     35.74694171000,0,Tangier,P,PPLA,     57.00000000000,             688356,      0.00000000000,     80.00000000000,Africa/Casablanca,GeoNames match with ascii name + lat + long whole numbers.,0,,      0.00000000000,      0.00000000000,      0.00000000000,      0.00000000000,      0.00000000000,      0.00000000000,      0.00000000000,      0.00000000000,      0.00000000000,      0.00000000000,      0.00000000000,      0.00000000000,      0.00000000000,      0.00000000000,      0.00000000000,      0.00000000000,      0.00000000000,      0.00000000000,      0.00000000000,
6,30,5,Admin-1 capital,Agadir,,,0,Agadir,      0.00000000000,      0.00000000000,,      0.00000000000,0,Morocco,MAR,Morocco,MAR,Souss - Massa - Draâ,MA,,     30.43998821920,     -9.62004358055,      1.00000000000,0,Changed scale rank.,825467,678596,817678,11,11,2561668.00000000000,,Agadir,1,0,             825467,             825467,                  0,                  0,                  0,                 20,                122,    122.00000000000,     47.00000000000,     47.00000000000,    103.00000000000,    103.00000000000,     64.00000000000,     64.00000000000,     -9.66666667000,     -9.66666667000,     -9.45833333000,     -9.45833333000,     30.30833333000,     30.30833333000,     30.46666667000,     30.46666667000,     -9.55022727000,     30.39285354000,0,Agadir,P,PPLA,     55.00000000000,             698310,      0.00000000000,     31.00000000000,Africa/Casablanca,GeoNames match general.,0,,      0.00000000000,      0.00000000000,      0.00000000000,      0.00000000000,      0.00000000000,      0.00000000000,      0.00000000000,      0.00000000000,      0.00000000000,      0.00000000000,      0.00000000000,      0.00000000000,      0.00000000000,      0.00000000000,      0.00000000000,      0.00000000000,      0.00000000000,      0.00000000000,      0.00000000000,
6,30,5,Populated place,Goulimine,,,0,Goulimine,      0.00000000000,      0.00000000000,,      0.00000000000,0,Morocco,MAR,Morocco,MAR,Guelmim - Es-Semara,MA,,     28.97997397770,    -10.07001611470,      1.00000000000,0,Changed scale rank.,115267,98229,115267,9,8,2548526.00000000000,,Goulimine,1,0,             115267,                  0,                  0,                  0,                  0,                 10,                 17,     17.00000000000,      6.00000000000,      6.00000000000,     19.00000000000,     19.00000000000,     12.00000000000,     12.00000000000,    -10.08333333000,    -10.08333333000,    -10.03333333000,    -10.03333333000,     28.96666667000,     28.96666667000,     29.00833333000,     29.00833333000,    -10.05757576000,     28.98674242000,0,Guelmim,P,PPLA,     53.00000000000,              98229,      0.00000000000,    286.00000000000,Africa/Casablanca,GeoNames spatial join with similar names only.,0,,      0.00000000000,      0.00000000000,      0.00000000000,      0.00000000000,      0.00000000000,      0.00000000000,      0.00000000000,      0.00000000000,      0.00000000000,      0.00000000000,      0.00000000000,      0.00000000000,      0.00000000000,      0.00000000000,      0.00000000000,      0.00000000000,      0.00000000000,      0.00000000000,      0.00000000000,
6,30,5,Populated place,Smara,,,0,Smara,      0.00000000000,      0.00000000000,,      0.00000000000,0,Morocco,MAR,Morocco,MAR,Guelmim - Es-Semara,MA,,     26.73328940730,    -11.68332849270,      1.00000000000,0,Changed scale rank.,48149,48149,0,7,7,     -1.00000000000,,Smara,1,0,              48149,              48149,                  0,                  0,                  0,                 20,                 10,     10.00000000000,      4.00000000000,      4.00000000000,     20.00000000000,     20.00000000000,     12.00000000000,     12.00000000000,    -11.70833333000,    -11.70833333000,    -11.65000000000,    -11.65000000000,     26.73333333000,     26.73333333000,     26.75833333000,     26.75833333000,    -11.67724359000,     26.74455128000,0,,,,      0.00000000000,                  0,      0.00000000000,      0.00000000000,,"No GeoNames match due to small population, not in GeoNames, or poor NEV placement.",0,,      0.00000000000,      0.00000000000,      0.00000000000,      0.00000000000,      0.00000000000,      0.00000000000,      0.00000000000,      0.00000000000,      0.00000000000,      0.00000000000,      0.00000000000,      0.00000000000,      0.00000000000,      0.00000000000,      0.00000000000,      0.00000000000,      0.00000000000,      0.00000000000,      0.00000000000,
6,30,5,Admin-1 capital,Adrar,,,0,Adrar,      0.00000000000,      0.00000000000,,      0.00000000000,0,Algeria,DZA,Algeria,DZA,Adrar,DZ,,     27.86999005030,     -0.28996708312,      1.00000000000,0,Changed scale rank.,56910,56910,56910,8,8,     -1.00000000000,,Adrar,1,0,              56910,              56910,                  0,                  0,                  0,                 20,                 27,     27.00000000000,     11.00000000000,     11.00000000000,     35.00000000000,     35.00000000000,     22.00000000000,     22.00000000000,     -0.32500000000,     -0.32500000000,     -0.25833333000,     -0.25833333000,     27.82500000000,     27.82500000000,     27.90000000000,     27.90000000000,     -0.28958333000,     27.86643519000,0,,,,      0.00000000000,                  0,      0.00000000000,      0.00000000000,,"No GeoNames match due to small population, not in GeoNames, or poor NEV placement.",0,,      0.00000000000,      0.00000000000,      0.00000000000,      0.00000000000,      0.00000000000,      0.00000000000,      0.00000000000,      0.00000000000,      0.00000000000,      0.00000000000,      0.00000000000,      0.00000000000,      0.00000000000,      0.00000000000,      0.00000000000,      0.00000000000,      0.00000000000,      0.00000000000,      0.00000000000,
6,30,5,Admin-1 capital,Bechar,,,0,Bechar,      0.00000000000,      0.00000000000,,      0.00000000000,0,Algeria,DZA,Algeria,DZA,Béchar,DZ,,     31.61110536600,     -2.23000370422,      1.00000000000,0,Changed scale rank.,143382,141449,136189,9,9,2505530.00000000000,,Bechar,1,0,             141449,             141449,                  0,                  0,                  0,                 20,                 66,     66.00000000000,     25.00000000000,     25.00000000000,     77.00000000000,     77.00000000000,     48.00000000000,     48.00000000000,     -2.28333333000,     -2.28333333000,     -2.18333333000,     -2.18333333000,     31.53333333000,     31.53333333000,     31.65833333000,     31.65833333000,     -2.23046296000,     31.60462963000,0,Bechar,P,PPL,     38.00000000000,             143382,      0.00000000000,    785.00000000000,Africa/Algiers,Geonames ascii name + lat.d + long.d matching.,0,,      0.00000000000,      0.00000000000,      0.00000000000,      0.00000000000,      0.00000000000,      0.00000000000,      0.00000000000,      0.00000000000,      0.00000000000,      0.00000000000,      0.00000000000,      0.00000000000,      0.00000000000,      0.00000000000,      0.00000000000,      0.00000000000,      0.00000000000,      0.00000000000,      0.00000000000,
6,30,5,Populated place,Tindouf,,,0,Tindouf,      0.00000000000,      0.00000000000,,      0.00000000000,0,Algeria,DZA,Algeria,DZA,Tindouf,DZ,,     27.67418804830,     -8.14778202456,      1.00000000000,0,Changed scale rank.,18270,18270,18270,6,6,     -1.00000000000,,Tindouf,1,0,              18270,              18270,                  0,                  0,                  0,                 20,                 17,     17.00000000000,      6.00000000000,      6.00000000000,     25.00000000000,     25.00000000000,     15.00000000000,     15.00000000000,     -8.18333333000,     -8.18333333000,     -8.11666667000,     -8.11666667000,     27.65833333000,     27.65833333000,     27.70833333000,     27.70833333000,     -8.15037879000,     27.68409091000,0,,,,      0.00000000000,                  0,      0.00000000000,      0.00000000000,,"No GeoNames match due to small population, not in GeoNames, or poor NEV placement.",0,,      0.00000000000,      0.00000000000,      0.00000000000,      0.00000000000,      0.00000000000,      0.00000000000,      0.00000000000,      0.00000000000,      0.00000000000,      0.00000000000,      0.00000000000,      0.00000000000,      0.00000000000,      0.00000000000,      0.00000000000,      0.00000000000,      0.00000000000,      0.00000000000,      0.00000000000,
6,30,0,Admin-0 capital alt,Bir Lehlou,,,0,Bir Lehlou,      0.00000000000,      1.00000000000,Claimed as inte,      0.00000000000,0,Western Sahara,SAH,Western Sahara,SAH,,EH,,     26.11916668600,     -9.65252221825,      4.00000000000,1,Added place.,500,200,0,2,1,     -1.00000000000,,,2,0,                  0,                  0,                  0,                  0,                  0,                  0,                  0,      0.00000000000,      0.00000000000,      0.00000000000,      0.00000000000,      0.00000000000,      0.00000000000,      0.00000000000,      0.00000000000,      0.00000000000,      0.00000000000,      0.00000000000,      0.00000000000,      0.00000000000,      0.00000000000,      0.00000000000,      0.00000000000,      0.00000000000,1,,,,      0.00000000000,                  0,      0.00000000000,      0.00000000000,,"No GeoNames match due to small population, not in GeoNames, or poor NEV placement.",0,,      0.00000000000,      0.00000000000,      0.00000000000,      0.00000000000,      0.00000000000,      0.00000000000,      0.00000000000,      0.00000000000,      0.00000000000,      0.00000000000,      0.00000000000,      0.00000000000,      0.00000000000,      0.00000000000,      0.00000000000,      0.00000000000,      0.00000000000,      0.00000000000,      0.00000000000,
4,50,3,Populated place,Cordoba,,,0,Cordoba,      0.00000000000,      0.00000000000,,      0.00000000000,0,Kingdom of Spain,ESP,Spain,ESP,Andalucía,ES,,     37.87999920560,     -4.77000370423,      0.00000000000,0,,321376,279648,1221823,10,10,2519240.00000000000,,Cordoba2,1,0,             279648,             279648,             279648,                  0,                  0,                 50,                 91,     91.00000000000,     35.00000000000,     35.00000000000,    110.00000000000,    110.00000000000,     68.00000000000,     68.00000000000,     -4.95000000000,     -4.95000000000,     -4.69166667000,     -4.69166667000,     37.83333333000,     37.83333333000,     37.95000000000,     37.95000000000,     -4.80895522000,     37.88047264000,0,Cordoba,P,PPL,     51.00000000000,             321376,      0.00000000000,    116.00000000000,Europe/Madrid,Geonames ascii name + lat.d + long.d matching.,0,,      0.00000000000,      0.00000000000,      0.00000000000,      0.00000000000,      0.00000000000,      0.00000000000,      0.00000000000,      0.00000000000,      0.00000000000,      0.00000000000,      0.00000000000,      0.00000000000,      0.00000000000,      0.00000000000,      0.00000000000,      0.00000000000,      0.00000000000,      0.00000000000,      0.00000000000,
4,50,5,Admin-1 capital,Oujda,,,0,Oujda,      0.00000000000,      0.00000000000,,      0.00000000000,0,Morocco,MAR,Morocco,MAR,Oriental,MA,,     34.69001304020,     -1.90997155904,      0.00000000000,0,,409391,405253,407857,10,10,2540483.00000000000,,Oujda,1,0,             409391,             409391,             409391,                  0,                  0,                 50,                 70,     70.00000000000,     27.00000000000,     27.00000000000,     45.00000000000,     45.00000000000,     28.00000000000,     28.00000000000,     -1.95833333000,     -1.95833333000,     -1.85833333000,     -1.85833333000,     34.65000000000,     34.65000000000,     34.74166667000,     34.74166667000,     -1.90467172000,     34.69036195000,0,Oujda,P,PPLA,     54.00000000000,             405253,      0.00000000000,    557.00000000000,Africa/Casablanca,GeoNames match general.,0,,      0.00000000000,      0.00000000000,      0.00000000000,      0.00000000000,      0.00000000000,      0.00000000000,      0.00000000000,      0.00000000000,      0.00000000000,      0.00000000000,      0.00000000000,      0.00000000000,      0.00000000000,      0.00000000000,      0.00000000000,      0.00000000000,      0.00000000000,      0.00000000000,      0.00000000000,
4,50,5,Populated place,Safi,,,0,Safi,      0.00000000000,      0.00000000000,,      0.00000000000,0,Morocco,MAR,Morocco,MAR,Doukkala - Abda,MA,,     32.31997682600,     -9.23998925926,      0.00000000000,0,,353476,288163,346895,10,10,2537881.00000000000,,Safi,1,0,             353476,             353476,             353476,                  0,                  0,                 50,                 44,     44.00000000000,     17.00000000000,     17.00000000000,     44.00000000000,     44.00000000000,     28.00000000000,     28.00000000000,     -9.26666667000,     -9.26666667000,     -9.16666667000,     -9.16666667000,     32.25000000000,     32.25000000000,     32.35000000000,     32.35000000000,     -9.22684426000,     32.29883880000,0,Safi,P,PPLA,     51.00000000000,             288163,      0.00000000000,     87.00000000000,Africa/Casablanca,Geonames ascii name + lat.d + long.d matching.,0,,      0.00000000000,      0.00000000000,      0.00000000000,      0.00000000000,      0.00000000000,      0.00000000000,      0.00000000000,      0.00000000000,      0.00000000000,      0.00000000000,      0.00000000000,      0.00000000000,      0.00000000000,      0.00000000000,      0.00000000000,      0.00000000000,      0.00000000000,      0.00000000000,      0.00000000000,
3,110,3,Admin-1 capital,Seville,,,0,Seville,      0.00000000000,      0.00000000000,,      0.00000000000,0,Kingdom of Spain,ESP,Spain,ESP,Andalucía,ES,,     37.40501527820,     -5.98000736635,      0.00000000000,0,,1212045,703021,840999,12,11,2510911.00000000000,,Seville,1,0,             921811,             921811,             921811,             921811,                  0,                100,                249,    249.00000000000,     96.00000000000,     96.00000000000,    251.00000000000,    251.00000000000,    156.00000000000,    156.00000000000,     -6.10833333000,     -6.10833333000,     -5.81666667000,     -5.81666667000,     37.25000000000,     37.25000000000,     37.45833333000,     37.45833333000,     -5.97154304000,     37.35618132000,0,Sevilla,P,PPLA,     51.00000000000,             701894,      0.00000000000,      2.00000000000,Europe/Madrid,GeoNames match general.,0,,      0.00000000000,      0.00000000000,      0.00000000000,      0.00000000000,      0.00000000000,      0.00000000000,      0.00000000000,      0.00000000000,      0.00000000000,      0.00000000000,      0.00000000000,      0.00000000000,      0.00000000000,      0.00000000000,      0.00000000000,      0.00000000000,      0.00000000000,      0.00000000000,      0.00000000000,
3,110,5,Admin-1 capital,Fez,,Fes|Fès,0,Fez,      0.00000000000,      0.00000000000,,      0.00000000000,1,Morocco,MAR,Morocco,MAR,Fès - Boulemane,MA,,     34.05459962870,     -5.00037723939,      0.00000000000,0,,1002000,964891,1173865,12,11,2548885.00000000000,Fès,Fez,1,0,            1174922,            1174922,            1174922,            1174922,                  0,                100,                119,    119.00000000000,     46.00000000000,     46.00000000000,    111.00000000000,    111.00000000000,     69.00000000000,     69.00000000000,     -5.07500000000,     -5.07500000000,     -4.91666667000,     -4.91666667000,     33.94166667000,     33.94166667000,     34.10000000000,     34.10000000000,     -4.99897705000,     34.02966567000,0,Fes,P,PPLA,     46.00000000000,             964891,      0.00000000000,    448.00000000000,Africa/Casablanca,GeoNames match general.,373,Morocco,     34.04000000000,     -4.99000000000,    165.00000000000,    215.00000000000,    280.00000000000,    322.00000000000,    369.00000000000,    433.00000000000,    510.00000000000,    594.00000000000,    685.00000000000,    785.00000000000,    870.00000000000,    963.00000000000,   1002.00000000000,   1060.00000000000,   1152.00000000000,   1243.00000000000,   1332.00000000000,Fes
3,110,5,Admin-0 capital,Rabat,,,0,Rabat,      1.00000000000,      0.00000000000,,      0.00000000000,1,Morocco,MAR,Morocco,MAR,Rabat - Salé - Zemmour - Zaer,MA,,     34.02529909160,     -6.83613082013,      0.00000000000,0,,1705000,1655753,2029349,12,12,2538475.00000000000,Rabat,Rabat,1,0,            2037124,            2037124,            2037124,            2037124,                  0,                100,                428,    428.00000000000,    165.00000000000,    165.00000000000,    475.00000000000,    475.00000000000,    295.00000000000,    295.00000000000,     -7.11666667000,     -7.11666667000,     -6.72500000000,     -6.72500000000,     33.74166667000,     33.74166667000,     34.12500000000,     34.12500000000,     -6.87490987000,     33.91284664000,0,Rabat,P,PPLC,     49.00000000000,            1655753,      0.00000000000,     54.00000000000,Africa/Casablanca,GeoNames match general.,375,Morocco,     34.01000000000,     -6.83000000000,    145.00000000000,    184.00000000000,    233.00000000000,    339.00000000000,    494.00000000000,    641.00000000000,    808.00000000000,    986.00000000000,   1174.00000000000,   1379.00000000000,   1507.00000000000,   1647.00000000000,   1705.00000000000,   1793.00000000000,   1938.00000000000,   2083.00000000000,   2222.00000000000,
3,110,5,Admin-1 capital,Marrakesh,,Marrakech,0,Marrakesh,      0.00000000000,      0.00000000000,,      0.00000000000,1,Morocco,MAR,Morocco,MAR,Marrakech - Tensift - Al Haouz,MA,,     31.62999310200,     -7.99998742820,      0.00000000000,0,,872000,839296,1248090,11,11,2542997.00000000000,Marrakech,Marrakesh,1,0,            1352145,            1352145,            1352145,            1352145,                  0,                100,                205,    205.00000000000,     79.00000000000,     79.00000000000,    161.00000000000,    161.00000000000,    100.00000000000,    100.00000000000,     -8.10833333000,     -8.10833333000,     -7.80833333000,     -7.80833333000,     31.56666667000,     31.56666667000,     31.72500000000,     31.72500000000,     -7.98943452000,     31.64538690000,0,Marrakech,P,PPLA,     47.00000000000,             839296,      0.00000000000,    451.00000000000,Africa/Casablanca,GeoNames match general.,374,Morocco,     31.63000000000,     -8.01000000000,    209.00000000000,    225.00000000000,    243.00000000000,    280.00000000000,    323.00000000000,    367.00000000000,    416.00000000000,    485.00000000000,    578.00000000000,    681.00000000000,    755.00000000000,    837.00000000000,    872.00000000000,    923.00000000000,   1005.00000000000,   1085.00000000000,   1163.00000000000,
3,110,5,Populated place,Oran,,Wahran,0,Oran,      0.00000000000,      0.00000000000,,      0.00000000000,1,Algeria,DZA,Algeria,DZA,Oran,DZ,,     35.71000246080,     -0.61997277974,      0.00000000000,0,,798000,645984,1110421,11,11,2485926.00000000000,Wahran,Oran,1,0,            1164149,            1170747,            1170747,            1170747,                  0,                100,                284,    295.00000000000,    109.00000000000,    114.00000000000,    306.00000000000,    328.00000000000,    190.00000000000,    204.00000000000,     -0.71666667000,     -0.71666667000,     -0.25690627000,     -0.18333333000,     35.60833333000,     35.60833333000,     35.89166667000,     35.89166667000,     -0.49815426000,     35.73180654000,0,Oran,P,PPL,      9.00000000000,             645984,      0.00000000000,    101.00000000000,Africa/Algiers,Geonames ascii name + lat.d + long.d matching.,7,Algeria,     35.74000000000,     -0.52000000000,    269.00000000000,    286.00000000000,    305.00000000000,    325.00000000000,    385.00000000000,    466.00000000000,    537.00000000000,    604.00000000000,    647.00000000000,    675.00000000000,    706.00000000000,    765.00000000000,    798.00000000000,    852.00000000000,    944.00000000000,   1030.00000000000,   1105.00000000000,Oran
1,300,5,Admin-1 capital,Casablanca,,Dar-el-Beida,0,Casablanca,      0.00000000000,      0.00000000000,,      1.00000000000,1,Morocco,MAR,Morocco,MAR,Grand Casablanca,MA,,     33.59997621560,     -7.61636743309,      4.00000000000,0,Changed scale rank.,3181000,3144909,3718797,12,12,2553604.00000000000,Dar-el-Beida,Casablanca,1,0,            3796279,            3796279,            3796279,            3796279,                  0,                100,                436,    436.00000000000,    168.00000000000,    168.00000000000,    261.00000000000,    261.00000000000,    162.00000000000,    162.00000000000,     -7.70000000000,     -7.70000000000,     -7.32500000000,     -7.32500000000,     33.39166667000,     33.39166667000,     33.73333333000,     33.73333333000,     -7.51851093000,     33.55766393000,0,Casablanca,P,PPLA,     45.00000000000,            3144909,      0.00000000000,     17.00000000000,Africa/Casablanca,GeoNames match general.,372,Morocco,     33.60000000000,     -7.63000000000,    625.00000000000,    778.00000000000,    967.00000000000,   1206.00000000000,   1505.00000000000,   1793.00000000000,   2109.00000000000,   2406.00000000000,   2682.00000000000,   2951.00000000000,   3043.00000000000,   3138.00000000000,   3181.00000000000,   3267.00000000000,   3475.00000000000,   3716.00000000000,   3949.00000000000,Casablanca
