GEO/TIME;2007;2008;2009;2010;2011
BE;10625.7;10710.0;10796.5;10895.6;11047.7
BE1;1039.9;1058.5;1079.0;1104.3;1148.1
BE10;1039.9;1058.5;1079.0;1104.3;1148.1
BE100;1039.9;1058.5;1079.0;1104.3;1148.1
BE2;6139.5;6185.2;6230.4;6279.3;6349.2
BE21;1708.1;1723.4;1738.0;1754.8;1782.1
BE211;965.3;973.6;981.5;991.8;1011.0
BE212;317.7;320.4;323.0;325.8;329.0
BE213;425.1;429.4;433.5;437.2;442.2
BE22;823.5;829.9;835.8;841.6;849.5
BE221;400.0;403.7;407.0;410.0;414.4
BE222;228.7;230.4;232.0;233.5;235.2
BE223;194.8;195.8;196.8;198.1;199.9
BE23;1403.4;1414.4;1426.4;1439.1;1453.7
BE231;268.4;270.5;272.5;275.0;278.1
BE232;190.0;190.9;192.0;193.3;195.0
BE233;80.7;81.1;81.7;82.2;83.0
BE234;514.5;519.2;524.5;530.2;535.9
BE235;117.6;118.6;119.6;120.3;121.1
BE236;232.2;234.1;236.1;238.1;240.7
BE24;1056.3;1064.5;1072.9;1081.7;1093.0
BE241;582.4;586.6;591.1;596.2;602.9
BE242;473.9;478.0;481.8;485.5;490.1
BE25;1148.2;1152.9;1157.3;1162.2;1170.9
BE251;275.2;275.8;276.1;276.8;278.5
BE252;48.8;49.2;49.5;49.8;50.2
BE253;105.0;105.3;105.7;106.0;106.6
BE254;278.4;279.4;280.6;281.6;283.7
BE255;148.8;149.8;150.6;151.5;153.1
BE256;143.2;143.9;144.6;145.5;146.9
BE257;89.4;89.8;90.2;90.5;91.2
BE258;59.4;59.7;60.1;60.4;60.8
BE3;3446.3;3466.2;3487.0;3512.0;3550.5
BE31;372.0;374.6;377.6;381.2;385.2
BE310;372.0;374.6;377.6;381.2;385.2
BE32;1297.5;1302.3;1307.2;1313.6;1323.1
BE321;82.3;82.9;83.4;84.1;84.8
BE322;422.9;423.7;424.7;426.2;429.1
BE323;250.2;250.6;251.3;252.6;254.3
BE324;71.1;71.7;72.2;72.7;73.5
BE325;180.7;181.7;182.7;183.6;184.9
BE326;147.8;148.4;148.8;149.4;150.6
BE327;142.6;143.3;144.1;144.8;145.8
BE33;1050.6;1056.9;1063.9;1072.4;1086.1
BE331;105.3;106.3;107.3;108.4;109.6
BE332;596.0;598.9;602.2;606.7;614.6
BE334;73.5;74.4;75.2;76.1;77.1
BE335;201.8;203.0;204.3;205.8;208.3
BE336;73.9;74.4;74.9;75.5;76.5
BE34;262.6;265.5;268.0;270.2;274.7
BE341;56.0;56.9;57.6;58.2;59.0
BE342;43.7;44.3;44.8;45.3;46.1
BE343;53.4;53.8;54.1;54.5;55.9
BE344;58.4;59.1;59.6;60.1;60.9
BE345;51.1;51.5;51.8;52.2;52.7
BE35;463.7;467.0;470.4;474.6;481.4
BE351;104.4;105.0;105.7;106.5;108.7
BE352;295.4;297.7;300.2;302.9;306.3
BE353;63.9;64.3;64.6;65.1;66.4
BG;7659.8;7623.4;7585.1;7534.3;7348.3
BG3;3994.1;3966.6;3938.2;3900.4;3740.1
BG31;936.8;923.0;909.3;894.7;842.4
BG311;113.7;111.5;109.2;107.0;100.3
BG312;162.6;159.7;157.1;154.5;147.1
BG313;204.3;201.2;198.3;195.2;185.9
BG314;299.8;296.1;292.4;288.5;268.5
BG315;156.4;154.5;152.3;149.6;140.6
BG32;936.6;928.1;919.6;908.4;857.8
BG321;279.8;278.1;276.5;273.4;257.6
BG322;133.9;132.6;131.0;128.9;122.1
BG323;254.2;252.1;250.2;247.9;234.6
BG324;137.0;135.3;133.6;131.5;124.5
BG325;131.8;130.0;128.4;126.7;119.0
BG33;992.8;991.8;990.2;985.7;964.1
BG331;458.3;461.4;464.4;465.3;474.6
BG332;203.9;202.3;200.6;198.6;189.0
BG333;197.1;196.0;194.8;193.1;180.2
BG334;133.5;132.0;130.5;128.8;120.4
BG34;1127.9;1123.8;1119.1;1111.5;1075.7
BG341;419.0;420.5;421.6;421.8;415.4
BG342;208.5;207.2;205.7;203.4;197.2
BG343;143.5;141.6;139.5;137.1;130.8
BG344;357.0;354.6;352.2;349.2;332.3
BG4;3665.7;3656.8;3647.0;3633.9;3608.2
BG41;2115.7;2114.8;2113.8;2113.0;2132.5
BG411;1239.3;1243.9;1248.4;1254.6;1294.2
BG412;257.5;255.4;253.6;251.7;246.6
BG413;329.7;329.0;328.3;326.9;322.9
BG414;139.2;138.1;136.8;135.5;132.8
BG415;150.0;148.4;146.6;144.3;135.9
BG42;1550.0;1542.0;1533.2;1520.9;1475.8
BG421;705.8;704.6;702.9;699.0;682.1
BG422;263.0;260.4;257.7;254.8;245.2
BG423;295.2;293.3;291.6;289.3;274.8
BG424;129.0;127.4;125.7;123.7;121.2
BG425;157.1;156.3;155.4;154.1;152.5
CZ;10334.2;10424.3;10487.2;10519.8;10496.1
CZ0;10334.2;10424.3;10487.2;10519.8;10496.1
CZ01;1200.1;1222.7;1241.1;1253.1;1237.9
CZ010;1200.1;1222.7;1241.1;1253.1;1237.9
CZ02;1188.5;1216.3;1239.1;1256.3;1272.2
CZ020;1188.5;1216.3;1239.1;1256.3;1272.2
CZ03;1189.4;1200.1;1207.7;1210.1;1207.4
CZ031;631.6;634.8;637.0;638.2;636.0
CZ032;557.8;565.4;570.7;572.0;571.5
CZ04;1133.2;1141.5;1144.1;1143.7;1131.7
CZ041;306.0;307.9;308.0;307.5;303.5
CZ042;827.2;833.5;836.0;836.1;828.2
CZ05;1492.9;1502.3;1508.4;1510.8;1508.8
CZ051;432.4;435.6;438.2;439.5;438.3
CZ052;550.9;553.4;554.5;554.6;554.2
CZ053;509.6;513.3;515.8;516.7;516.3
CZ06;1649.2;1658.4;1664.6;1668.0;1677.1
CZ063;512.7;514.5;515.2;514.8;512.1
CZ064;1136.5;1143.8;1149.4;1153.2;1165.0
CZ07;1231.2;1233.1;1233.3;1232.6;1228.4
CZ071;640.8;642.0;642.1;641.9;638.8
CZ072;590.3;591.1;591.2;590.7;589.6
CZ08;1249.6;1250.1;1248.8;1245.3;1232.7
CZ080;1249.6;1250.1;1248.8;1245.3;1232.7
DK;5461.4;5493.6;5523.1;5547.7;5570.6
DK0;5461.4;5493.6;5523.1;5547.7;5570.6
DK01;1641.3;1654.1;1671.3;1689.8;1707.0
DK011;652.7;661.9;673.1;685.9;698.5
DK012;503.9;506.3;510.4;514.7;518.8
DK013;441.6;443.0;445.3;447.2;448.1
DK014;43.0;42.8;42.5;42.1;41.7
DK02;817.8;820.3;820.9;820.2;818.8
DK021;232.3;233.0;234.1;235.0;236.0
DK022;585.4;587.3;586.8;585.1;582.9
DK03;1192.2;1197.2;1200.0;1200.5;1201.0
DK031;481.5;483.4;484.6;484.9;485.1
DK032;710.7;713.8;715.4;715.6;715.9
DK04;1232.2;1242.4;1250.9;1257.5;1263.8
DK041;423.6;425.9;427.1;427.0;426.9
DK042;808.6;816.5;823.7;830.5;836.9
DK05;577.9;579.7;580.1;579.7;579.9
DK050;577.9;579.7;580.1;579.7;579.9
DE;82266.4;82110.1;81902.3;81776.9;81797.7
DE1;10744.3;10749.6;10747.2;10749.4;10770.1
DE11;4006.2;4006.7;4003.6;4001.7;4009.3
DE111;595.5;598.6;600.9;604.1;610.0
DE112;372.5;372.8;372.2;371.5;371.9
DE113;514.3;514.6;514.4;514.5;516.0
DE114;256.4;255.3;254.2;253.0;252.3
DE115;514.6;515.5;516.4;517.4;519.5
DE116;417.4;416.7;416.0;415.6;415.6
DE117;121.5;121.9;122.3;122.6;123.6
DE118;330.1;330.0;329.4;328.7;328.5
DE119;109.8;109.7;109.3;109.0;108.9
DE11A;189.3;189.2;188.9;188.6;188.4
DE11B;135.8;135.2;134.6;133.8;133.2
DE11C;133.8;133.1;132.3;131.5;130.9
DE11D;315.1;314.1;312.9;311.4;310.5
DE12;2736.8;2739.7;2740.3;2742.4;2748.1
DE121;54.9;54.8;54.6;54.5;54.5
DE122;287.6;289.8;291.3;293.4;296.1
DE123;430.9;431.5;431.5;431.9;432.6
DE124;228.0;227.5;227.0;226.9;226.8
DE125;145.0;145.5;146.1;146.9;148.5
DE126;308.9;310.6;311.7;312.6;314.1
DE127;149.8;149.2;148.3;147.4;146.6
DE128;534.6;535.1;535.8;537.0;538.4
DE129;119.3;119.6;119.8;119.8;120.2
DE12A;160.0;159.2;158.4;157.7;157.1
DE12B;195.8;195.4;194.9;194.2;193.9
DE12C;122.1;121.6;121.0;120.3;119.3
DE13;2194.8;2196.0;2195.8;2197.6;2203.1
DE131;218.5;219.5;220.8;223.1;226.7
DE132;250.1;250.2;250.3;250.8;251.8
DE133;157.4;157.6;157.7;158.1;158.5
DE134;417.4;417.7;417.4;417.4;417.7
DE135;141.7;141.3;140.7;139.8;139.0
DE136;210.2;209.2;208.0;206.9;206.4
DE137;135.3;135.2;134.9;134.5;134.2
DE138;274.9;275.7;276.9;278.3;279.8
DE139;222.2;222.6;222.5;222.5;223.0
DE13A;167.2;167.0;166.6;166.3;166.1
DE14;1806.5;1807.2;1807.5;1807.8;1809.6
DE141;281.7;281.3;281.0;280.9;281.0
DE142;217.3;218.1;219.7;221.0;221.6
DE143;191.8;190.9;189.8;188.9;188.0
DE144;121.2;121.5;121.9;122.4;123.2
DE145;190.2;190.3;190.1;189.8;189.7
DE146;188.9;189.2;189.3;189.4;189.4
DE147;206.3;207.3;207.7;208.0;209.1
DE148;276.2;276.5;276.4;276.7;277.4
DE149;132.7;132.1;131.4;130.6;130.0
DE2;12506.5;12520.0;12515.0;12524.5;12567.3
DE21;4296.3;4324.3;4340.8;4364.4;4406.5
DE211;122.6;123.5;124.2;124.7;125.9
DE212;1303.1;1319.2;1328.6;1341.8;1365.7
DE213;60.5;60.7;60.8;61.1;61.4
DE214;108.8;108.5;108.0;107.8;107.9
DE215;102.4;102.3;102.1;102.2;102.7
DE216;120.6;120.9;121.1;121.5;122.1
DE217;135.6;136.5;137.2;138.1;139.4
DE218;125.7;126.7;127.5;128.6;130.0
DE219;124.1;124.6;124.8;124.9;125.3
DE21A;124.3;125.2;126.0;126.7;127.6
DE21B;163.6;165.1;165.5;165.9;167.3
DE21C;200.8;201.5;202.5;203.8;205.6
DE21D;86.9;86.7;86.4;86.3;86.5
DE21E;112.8;113.5;113.9;114.4;114.9
DE21F;95.2;95.3;95.4;95.6;95.8
DE21G;110.6;110.4;110.3;110.3;110.5
DE21H;313.5;316.5;318.6;321.3;325.5
DE21I;91.0;91.1;91.2;91.3;91.6
DE21J;116.2;116.6;116.9;117.2;117.8
DE21K;247.4;248.2;248.5;249.3;250.4
DE21L;129.2;129.7;129.9;130.1;130.9
DE21M;170.5;170.6;170.6;170.6;170.7
DE21N;131.0;131.1;130.9;130.9;131.1
DE22;1194.0;1193.0;1190.6;1189.3;1191.0
DE221;62.3;62.6;62.7;63.0;63.8
DE222;50.7;50.7;50.7;50.6;50.6
DE223;44.6;44.6;44.5;44.5;44.6
DE224;117.6;117.4;117.1;116.9;117.1
DE225;80.6;80.2;79.9;79.5;79.2
DE226;113.0;113.1;113.1;113.1;113.5
DE227;148.1;148.4;148.4;148.6;149.1
DE228;188.5;188.2;187.8;187.5;187.5
DE229;80.5;80.0;79.5;79.1;78.7
DE22A;118.9;118.7;118.4;118.1;118.0
DE22B;97.8;97.8;97.7;97.6;97.7
DE22C;91.6;91.3;90.9;90.8;91.2
DE23;1087.3;1085.2;1082.6;1081.3;1081.3
DE231;44.3;44.1;43.9;43.7;43.6
DE232;131.9;133.0;133.9;134.9;136.0
DE233;42.5;42.3;42.1;42.0;42.0
DE234;107.4;106.6;106.0;105.5;104.9
DE235;129.9;129.3;128.8;128.4;128.2
DE236;128.5;128.3;128.1;127.9;127.8
DE237;99.3;98.7;98.1;97.5;97.0
DE238;182.6;182.8;182.9;183.4;184.3
DE239;144.3;143.7;143.2;142.9;142.9
DE23A;76.8;76.3;75.6;75.1;74.6
DE24;1091.7;1085.7;1079.5;1073.9;1069.4
DE241;69.7;69.9;69.9;69.9;70.0
DE242;73.3;73.0;72.8;72.6;72.9
DE243;41.5;41.3;41.2;41.1;41.0
DE244;48.0;47.5;47.0;46.5;46.1
DE245;145.0;144.7;144.5;144.3;144.3
DE246;108.0;107.3;106.7;106.3;105.9
DE247;90.5;89.9;89.2;88.6;88.0
DE248;113.4;113.3;113.3;113.1;113.1
DE249;104.1;103.1;101.9;100.7;99.7
DE24A;72.6;71.9;71.3;70.5;69.8
DE24B;76.4;75.9;75.3;74.7;74.2
DE24C;69.3;68.8;68.5;68.2;68.0
DE24D;80.0;78.9;78.0;77.2;76.3
DE25;1713.4;1713.3;1711.3;1710.9;1715.5
DE251;40.4;40.4;40.4;40.3;40.3
DE252;104.2;104.8;105.3;105.6;106.0
DE253;113.9;114.1;114.1;114.3;115.5
DE254;502.0;503.4;503.7;504.7;508.1
DE255;38.8;38.8;38.8;38.8;39.0
DE256;182.7;181.9;181.1;180.3;179.7
DE257;130.8;131.0;131.1;131.3;131.7
DE258;114.3;114.5;114.5;114.6;115.2
DE259;167.8;167.3;166.8;166.4;166.2
DE25A;99.3;98.8;98.3;97.8;97.5
DE25B;125.3;125.0;124.6;124.3;124.1
DE25C;93.9;93.4;92.8;92.5;92.1
DE26;1336.3;1331.1;1324.7;1320.0;1316.5
DE261;68.7;68.7;68.7;68.7;68.7
DE262;53.9;53.7;53.6;53.5;53.3
DE263;135.1;134.4;133.3;133.5;133.8
DE264;174.4;173.9;173.3;172.8;172.4
DE265;106.9;106.2;105.4;104.6;104.0
DE266;85.0;84.3;83.7;83.2;82.6
DE267;86.8;86.2;85.6;85.2;84.9
DE268;89.3;89.1;88.8;88.5;88.4
DE269;130.5;130.0;129.3;128.7;128.1
DE26A;130.4;129.8;129.0;128.2;127.5
DE26B;114.9;114.3;113.7;113.2;112.9
DE26C;160.5;160.5;160.1;159.9;159.8
DE27;1787.5;1787.4;1785.6;1784.8;1787.1
DE271;262.8;263.2;263.5;264.2;265.7
DE272;42.0;42.0;41.9;41.9;41.8
DE273;61.6;61.9;62.1;62.0;62.2
DE274;41.1;41.0;41.1;41.1;41.0
DE275;127.7;127.8;127.8;127.9;128.2
DE276;241.0;240.6;240.1;240.0;240.5
DE277;94.9;94.5;94.2;93.8;93.4
DE278;121.8;121.4;120.9;120.5;120.3
DE279;163.8;164.5;165.0;165.3;165.8
DE27A;79.9;80.1;79.9;79.8;79.8
DE27B;134.5;134.3;134.1;134.0;133.9
DE27C;135.8;135.7;135.4;135.3;135.6
DE27D;130.2;129.8;129.4;129.0;129.0
DE27E;150.5;150.6;150.3;150.0;149.9
DE3;3410.1;3424.0;3437.2;3451.7;3481.3
DE30;3410.1;3424.0;3437.2;3451.7;3481.3
DE300;3410.1;3424.0;3437.2;3451.7;3481.3
DE4;2541.8;2529.1;2517.0;2507.4;2499.5
DE40;2541.8;2529.1;2517.0;2507.4;2499.5
DE401;73.2;72.7;72.4;72.0;71.7
DE402;103.3;102.3;101.7;101.9;102.1
DE403;62.3;61.6;61.0;60.5;60.2
DE404;149.8;151.9;153.8;155.8;157.9
DE405;177.5;177.6;177.3;176.9;176.9
DE406;161.7;161.6;161.6;161.8;161.7
DE407;118.6;116.5;114.6;112.8;111.1
DE408;155.4;155.3;155.1;154.9;155.1
DE409;191.8;191.4;191.2;190.8;190.1
DE40A;201.6;202.1;202.5;203.0;203.3
DE40B;128.4;126.2;124.3;122.6;120.9
DE40C;188.6;187.3;185.8;184.5;183.3
DE40D;106.3;105.3;104.3;103.3;102.5
DE40E;204.3;204.4;204.4;204.8;205.4
DE40F;86.5;85.0;83.7;82.6;81.4
DE40G;133.9;131.7;129.5;127.4;125.5
DE40H;162.4;162.2;162.0;161.6;161.5
DE40I;136.1;133.9;132.0;130.4;129.0
DE5;663.5;662.5;661.8;661.2;661.0
DE50;663.5;662.5;661.8;661.2;661.0
DE501;547.9;547.6;547.5;547.5;547.8
DE502;115.7;114.9;114.3;113.7;113.2
DE6;1762.4;1771.4;1773.2;1780.3;1792.6
DE60;1762.4;1771.4;1773.2;1780.3;1792.6
DE600;1762.4;1771.4;1773.2;1780.3;1792.6
DE7;6074.0;6068.8;6063.5;6064.5;6079.6
DE71;3776.6;3782.5;3788.9;3799.2;3820.5
DE711;141.7;142.3;142.8;143.9;146.7
DE712;655.8;661.9;668.4;675.8;685.6
DE713;117.9;118.6;118.9;119.6;121.6
DE714;275.7;276.3;277.1;276.7;277.4
DE715;264.7;263.9;263.1;262.7;262.7
DE716;289.4;288.9;288.8;289.1;289.6
DE717;252.6;253.3;253.6;254.2;256.0
DE718;226.3;225.9;226.0;226.9;227.9
DE719;408.5;407.8;407.2;407.1;407.7
DE71A;224.9;225.7;226.4;227.0;227.9
DE71B;99.3;98.5;97.8;97.3;96.9
DE71C;336.6;336.7;337.0;337.6;339.1
DE71D;184.2;183.8;183.4;183.2;183.2
DE71E;299.0;298.8;298.3;298.1;298.2
DE72;1055.4;1051.0;1046.5;1042.8;1040.4
DE721;255.9;255.5;255.5;256.1;256.9
DE722;258.7;257.3;255.7;254.2;253.0
DE723;174.1;173.2;172.1;171.1;170.5
DE724;252.6;252.0;251.5;251.1;251.0
DE725;114.1;112.9;111.6;110.2;109.0
DE73;1242.0;1235.3;1228.1;1222.5;1218.6
DE731;193.7;194.0;194.5;195.2;196.0
DE732;219.2;218.7;218.1;217.5;217.0
DE733;125.7;124.6;123.4;122.5;122.2
DE734;241.4;240.0;238.6;237.5;236.7
DE735;187.7;186.2;184.5;183.2;182.1
DE736;166.6;165.4;163.9;162.5;161.2
DE737;107.7;106.4;105.2;104.2;103.4
DE8;1686.7;1672.0;1657.8;1646.8;1638.5
DE80;1686.7;1672.0;1657.8;1646.8;1638.5
DE801;53.6;54.0;54.2;54.5;:
DE802;67.1;66.3;65.5;65.2;:
DE803;200.1;200.8;201.3;202.1;:
DE804;96.1;95.7;95.3;95.1;:
DE805;58.2;57.9;57.8;57.7;:
DE806;45.1;44.9;44.6;44.4;:
DE807;119.1;118.4;117.8;117.3;:
DE808;84.4;82.6;81.2;80.1;:
DE809;103.5;102.0;100.5;99.5;:
DE80A;126.7;125.3;124.1;123.0;:
DE80B;81.6;80.3;79.1;78.0;:
DE80C;66.8;66.1;65.5;64.9;:
DE80D;110.2;108.7;107.3;106.1;:
DE80E;119.0;118.2;117.4;116.5;:
DE80F;108.7;107.5;106.4;105.5;:
DE80G;100.6;99.1;97.6;96.3;:
DE80H;70.1;69.3;68.5;67.8;:
DE80I;75.8;74.8;73.6;72.6;:
DE9;7977.2;7959.5;7938.0;7923.6;7915.9
DE91;1637.5;1628.5;1620.2;1613.0;1607.7
DE911;245.6;245.9;246.7;248.1;249.7
DE912;106.0;104.9;103.9;102.9;102.1
DE913;120.3;120.3;120.8;121.3;122.0
DE914;174.7;174.1;173.5;172.9;172.3
DE915;261.3;260.6;259.6;258.8;258.2
DE916;148.9;147.1;145.4;143.8;142.6
DE917;96.4;95.4;94.4;93.4;92.4
DE918;144.8;143.2;141.4;139.8;138.4
DE919;80.7;79.8;78.8;77.8;76.8
DE91A;133.9;133.1;132.3;131.8;131.3
DE91B;125.0;124.2;123.2;122.4;121.8
DE92;2158.5;2153.0;2145.8;2140.6;2138.1
DE922;215.3;214.8;214.0;213.6;213.5
DE923;158.3;157.1;155.8;154.6;153.4
DE925;289.3;287.6;285.6;283.7;282.0
DE926;76.5;75.6;74.6;73.7;72.8
DE927;125.2;124.4;123.4;122.6;122.2
DE928;164.6;163.6;162.4;161.2;160.2
DE929;1129.4;1129.9;1130.0;1131.2;1134.0
DE93;1702.0;1698.9;1695.1;1692.9;1691.0
DE931;181.5;180.6;179.7;178.9;178.1
DE932;203.6;202.5;201.7;200.8;200.0
DE933;243.3;244.3;245.1;246.2;247.4
DE934;50.7;50.2;49.8;49.5;49.1
DE935;176.2;176.5;176.8;177.2;177.7
DE936;112.6;112.6;112.3;112.0;111.8
DE937;165.0;164.8;164.3;164.0;163.4
DE938;142.0;141.2;140.4;139.8;139.2
DE939;197.1;197.0;196.9;197.0;197.3
DE93A;96.2;95.5;94.7;94.2;93.8
DE93B;133.9;133.7;133.4;133.3;133.2
DE94;2479.1;2479.1;2476.9;2477.0;2479.1
DE941;75.2;74.9;74.6;74.4;74.4
DE942;51.7;51.6;51.4;51.5;51.6
DE943;159.3;159.9;160.8;161.8;162.3
DE944;162.9;163.1;163.4;163.8;164.6
DE945;82.5;81.8;81.3;81.2;81.2
DE946;116.8;117.1;117.3;117.8;118.4
DE947;190.3;189.8;189.2;189.0;188.6
DE948;156.7;157.2;157.4;157.9;158.6
DE949;312.7;313.7;313.5;313.1;313.3
DE94A;101.0;100.5;100.1;99.7;99.4
DE94B;135.1;135.4;135.4;135.2;134.9
DE94C;165.2;165.0;164.9;164.8;164.9
DE94D;126.0;126.0;126.3;126.9;127.4
DE94E;359.1;358.5;357.6;356.6;356.1
DE94F;133.8;134.5;134.7;135.1;135.9
DE94G;92.9;92.3;91.6;91.0;90.4
DE94H;57.8;57.6;57.4;57.3;57.1
DEA;18012.7;17964.8;17902.9;17859.0;17843.6
DEA1;5212.7;5199.7;5181.9;5167.3;5159.6
DEA11;579.3;582.7;585.2;587.5;590.6
DEA12;497.9;495.4;493.0;490.7;488.8
DEA13;582.7;580.9;578.0;575.4;574.1
DEA14;236.8;236.4;235.9;235.2;234.7
DEA15;260.5;259.4;258.5;258.1;257.6
DEA16;169.2;168.6;167.9;167.4;167.3
DEA17;217.6;216.4;214.8;213.5;212.8
DEA18;114.4;113.3;112.1;111.0;110.1
DEA19;162.8;162.2;161.4;160.5;159.8
DEA1A;357.4;354.9;352.2;350.4;349.6
DEA1B;308.6;308.7;308.3;307.9;307.9
DEA1C;502.8;500.6;497.8;495.8;494.8
DEA1D;444.6;444.1;443.4;443.2;443.6
DEA1E;303.4;303.0;302.2;301.1;300.1
DEA1F;474.7;473.1;471.3;469.5;467.9
DEA2;4387.9;4388.7;4384.7;4387.9;4400.0
DEA22;315.4;317.2;318.9;322.4;326.4
DEA23;992.6;995.4;996.8;1002.6;1012.1
DEA24;161.3;161.3;161.0;160.7;161.0
DEA26;270.8;270.2;269.1;268.2;267.4
DEA27;463.7;464.1;464.0;464.1;464.9
DEA28;193.1;192.8;192.4;191.5;190.8
DEA29;257.1;256.4;255.6;255.0;254.9
DEA2A;287.6;285.8;283.8;281.7;280.2
DEA2B;278.5;278.0;277.4;277.1;276.6
DEA2C;598.9;598.6;598.3;598.6;599.6
DEA2D;:;:;:;:;566.3
DEA3;2616.9;2609.9;2601.5;2596.0;2596.0
DEA31;118.8;118.2;117.5;117.0;116.6
DEA32;265.8;263.4;260.9;258.9;257.3
DEA33;272.5;273.4;274.7;277.7;285.8
DEA34;369.8;370.3;370.0;369.6;369.4
DEA35;221.4;221.0;220.5;220.0;219.3
DEA36;641.6;638.0;634.4;630.7;627.2
DEA37;444.7;444.7;444.0;443.5;442.8
DEA38;282.2;280.9;279.6;278.6;277.6
DEA4;2062.3;2054.9;2046.9;2040.8;2036.2
DEA41;325.4;324.3;323.3;323.2;323.3
DEA42;354.1;354.1;353.7;353.6;354.2
DEA43;253.4;252.3;250.9;249.6;248.4
DEA44;152.0;150.5;149.1;147.8;146.5
DEA45;358.4;356.4;354.1;352.1;350.2
DEA46;320.1;318.5;316.7;315.0;313.2
DEA47;299.0;298.9;299.0;299.5;300.5
DEA5;3732.9;3711.7;3687.9;3667.0;3651.7
DEA51;382.6;380.1;377.5;375.5;374.4
DEA52;587.3;585.7;582.9;580.9;580.7
DEA53;194.7;193.0;191.1;189.3;188.0
DEA54;183.4;182.8;182.1;181.8;181.9
DEA55;169.2;167.7;166.3;165.2;164.5
DEA56;339.5;337.2;334.8;332.7;330.7
DEA57;274.7;272.9;270.9;268.8;266.4
DEA58;443.4;439.7;435.9;432.5;429.7
DEA59;141.1;140.7;140.1;139.3;138.7
DEA5A;289.1;287.4;285.4;283.5;282.1
DEA5B;307.5;306.6;305.6;304.6;303.9
DEA5C;420.4;418.0;415.4;412.9;410.7
DEB;4049.3;4037.0;4020.5;4008.2;4001.4
DEB1;1510.9;1503.7;1495.1;1487.2;1480.4
DEB11;106.0;106.2;106.4;106.4;106.5
DEB12;129.3;128.8;128.3;127.8;127.3
DEB13;135.3;134.3;133.3;132.4;131.4
DEB14;157.6;157.1;156.3;155.7;155.5
DEB15;86.7;85.8;84.7;83.7;82.9
DEB16;65.1;64.7;64.2;63.6;63.2
DEB17;213.1;212.5;211.6;210.7;210.0
DEB18;184.1;183.1;182.0;181.2;180.8
DEB19;104.7;103.9;103.2;102.5;101.7
DEB1A;126.7;125.9;125.0;124.0;123.1
DEB1B;202.3;201.4;200.1;199.0;198.2
DEB2;515.9;515.6;514.6;513.5;513.1
DEB21;103.7;104.3;104.6;104.9;105.5
DEB22;113.3;112.7;112.0;111.3;111.0
DEB23;95.3;95.0;94.6;94.2;93.9
DEB24;63.0;62.5;62.0;61.5;61.0
DEB25;140.6;141.1;141.3;141.6;141.8
DEB3;2022.4;2017.7;2010.9;2007.5;2007.9
DEB31;47.0;47.0;46.9;46.8;46.9
DEB32;97.9;97.6;98.4;99.2;99.5
DEB33;43.1;43.0;43.0;43.3;43.8
DEB34;163.7;163.6;163.4;163.8;165.0
DEB35;197.3;197.9;197.7;198.5;200.1
DEB36;53.6;53.7;53.6;53.2;52.9
DEB37;42.2;41.6;41.1;40.6;40.2
DEB38;50.7;50.3;49.9;49.8;49.9
DEB39;82.3;82.2;81.9;81.8;81.9
DEB3A;34.8;34.6;34.3;34.0;33.9
DEB3B;125.9;125.5;125.0;124.8;124.7
DEB3C;134.5;134.0;133.3;132.9;132.6
DEB3D;78.1;77.6;77.0;76.2;75.7
DEB3E;125.6;125.7;125.3;124.9;124.9
DEB3F;108.1;107.5;106.7;105.8;105.0
DEB3G;75.3;74.4;73.6;73.0;72.2
DEB3H;110.1;109.8;109.4;109.1;108.9
DEB3I;149.2;149.1;148.9;148.6;148.7
DEB3J;201.2;201.4;201.5;201.9;202.6
DEB3K;102.1;101.1;100.1;99.2;98.5
DEC;1039.9;1033.5;1026.5;1020.1;1015.5
DEC0;1039.9;1033.5;1026.5;1020.1;1015.5
DEC01;338.2;336.2;334.6;332.9;331.9
DEC02;106.0;105.9;105.5;105.0;104.7
DEC03;142.0;140.7;139.3;137.9;136.8
DEC04;208.3;207.0;205.3;203.9;202.8
DEC05;152.4;151.3;150.2;149.5;148.9
DEC06;93.0;92.3;91.5;90.9;90.2
DED;4235.0;4206.5;4180.8;4159.1;4143.3
DED2;1651.9;1642.4;1634.8;1629.2;1625.5
DED21;506.2;509.9;514.6;520.1;526.4
DED2C;:;:;:;:;320.1
DED2D;:;:;:;:;275.2
DED2E;:;:;:;:;252.2
DED2F;:;:;:;:;251.6
DED4;:;:;:;:;1518.9
DED41;245.3;244.4;243.5;243.2;243.2
DED42;:;:;:;:;366.0
DED43;:;:;:;:;326.6
DED44;:;:;:;:;243.0
DED45;:;:;:;:;340.1
DED5;:;:;:;:;998.9
DED51;508.5;513.0;517.2;520.9;527.3
DED52;:;:;:;:;266.3
DED53;:;:;:;:;205.2
DEE;2427.1;2397.2;2369.0;2345.6;2324.1
DEE0;2427.1;2397.2;2369.0;2345.6;2324.1
DEE01;90.6;89.3;88.2;87.3;86.4
DEE02;235.0;233.7;232.7;232.6;233.3
DEE03;230.0;230.1;230.3;231.0;231.9
DEE04;93.9;92.6;91.2;90.0;89.0
DEE05;186.4;183.5;180.6;178.0;175.4
DEE06;100.4;98.9;97.7;96.8;95.7
DEE07;186.6;184.2;181.8;179.8;178.1
DEE08;203.5;200.6;197.8;195.3;192.8
DEE09;242.6;239.3;236.2;233.5;230.8
DEE0A;159.6;156.7;153.9;151.4;149.2
DEE0B;205.1;202.6;200.1;198.0;196.0
DEE0C;221.0;217.4;214.1;211.1;208.2
DEE0D;128.5;126.4;124.6;122.8;121.0
DEE0E;143.9;141.9;139.9;138.0;136.2
DEF;2835.8;2835.8;2833.1;2833.1;2836.0
DEF0;2835.8;2835.8;2833.1;2833.1;2836.0
DEF01;87.2;88.3;88.6;88.6;89.1
DEF02;236.1;237.2;237.9;238.9;240.8
DEF03;211.4;211.2;210.4;210.0;210.4
DEF04;77.8;77.3;77.0;76.9;76.9
DEF05;136.6;136.1;135.5;135.0;134.4
DEF06;187.0;187.0;186.8;186.8;187.1
DEF07;166.8;166.5;166.0;165.6;165.3
DEF08;205.8;205.4;205.1;204.7;204.1
DEF09;300.9;301.4;302.0;303.0;304.3
DEF0A;135.5;135.2;134.7;134.4;133.9
DEF0B;272.5;271.9;271.0;270.2;269.4
DEF0C;199.2;198.9;198.5;198.2;197.6
DEF0D;258.0;258.1;258.0;258.7;259.7
DEF0E;135.2;134.4;133.7;133.1;132.6
DEF0F;225.7;226.8;227.8;229.0;230.4
DEG;2300.2;2278.5;2258.8;2242.5;2228.1
DEG0;2300.2;2278.5;2258.8;2242.5;2228.1
DEG01;202.8;203.1;203.6;204.4;205.7
DEG02;102.2;101.1;100.3;99.6;99.0
DEG03;102.6;103.1;103.9;104.8;105.3
DEG04;41.4;40.6;39.8;39.2;38.5
DEG05;64.6;64.8;65.1;65.4;65.5
DEG06;108.4;107.4;106.5;105.6;104.9
DEG07;92.2;91.4;90.7;90.2;89.6
DEG09;112.1;111.1;110.1;109.2;108.4
DEG0A;86.2;84.6;83.2;82.0;81.0
DEG0B;135.0;133.5;132.0;130.6;129.4
DEG0C;141.9;140.7;139.4;138.5;137.7
DEG0D;75.7;74.8;74.0;73.3;72.6
DEG0E;69.8;69.0;68.2;67.4;66.7
DEG0F;115.1;113.9;113.1;112.6;112.1
DEG0G;87.0;86.0;85.2;84.8;84.5
DEG0H;62.8;61.8;60.9;60.3;59.6
DEG0I;122.5;120.7;119.1;117.6;116.3
DEG0J;89.4;88.6;87.8;87.1;86.6
DEG0K;91.5;90.4;89.2;88.2;87.4
DEG0L;113.5;111.7;109.9;108.3;106.8
DEG0M;104.0;102.5;101.0;99.5;98.1
DEG0N;43.5;43.2;42.9;42.8;42.7
DEG0P;135.9;134.3;132.6;131.2;130.0
EE;1341.7;1340.7;1340.3;1340.2;1339.9
EE0;1341.7;1340.7;1340.3;1340.2;1339.9
EE00;1341.7;1340.7;1340.3;1340.2;1339.9
EE001;522.7;524.1;525.7;527.5;529.2
EE004;161.3;160.9;160.6;160.3;160.0
EE006;140.4;140.1;139.8;139.6;139.3
EE007;171.2;170.2;169.2;168.1;167.0
EE008;345.9;345.3;344.9;344.7;344.3
IE;4356.9;4425.7;4458.9;4474.4;4576.7
IE0;4356.9;4425.7;4458.9;4474.4;4576.7
IE01;1166.5;1189.3;1201.9;1207.3;1237.0
IE011;484.1;494.8;500.4;502.3;513.3
IE012;262.0;267.5;271.1;274.4;284.4
IE013;420.4;427.0;430.3;430.6;439.3
IE02;3190.4;3236.4;3257.1;3267.0;3339.8
IE021;1207.6;1212.7;1210.5;1204.5;1262.2
IE022;502.8;517.4;527.4;536.7;535.5
IE023;366.4;371.9;374.1;374.0;378.8
IE024;478.5;490.0;497.5;503.0;499.7
IE025;635.0;644.5;647.7;648.7;663.6
EL;11192.8;11237.1;11282.8;11307.5;11300.0
EL1;3568.9;3576.2;3585.5;3590.3;3587.4
EL11;606.9;606.7;606.7;606.4;605.5
EL111;148.8;148.7;148.6;148.5;148.1
EL112;106.4;106.9;107.4;108.0;108.4
EL113;111.2;111.2;111.1;111.0;110.8
EL114;100.4;100.1;99.9;99.5;99.1
EL115;140.1;139.8;139.7;139.4;139.1
EL12;1931.7;1940.2;1949.7;1955.4;1955.0
EL121;144.1;144.2;144.5;144.6;144.5
EL122;1139.5;1149.0;1159.1;1165.6;1166.3
EL123;86.2;86.0;85.8;85.5;85.2
EL124;145.1;145.0;144.9;144.7;144.3
EL125;128.2;128.3;128.5;128.7;128.7
EL126;188.4;187.3;186.3;185.1;183.8
EL127;100.2;100.4;100.5;101.1;102.2
EL13;293.7;293.3;293.1;292.8;292.1
EL131;31.4;31.2;31.1;30.9;30.7
EL132;53.7;53.6;53.5;53.4;53.3
EL133;154.3;154.4;154.4;154.4;154.3
EL134;54.2;54.2;54.1;54.1;53.9
EL14;736.6;736.0;736.0;735.7;734.8
EL141;116.2;115.6;115.1;114.6;113.8
EL142;285.6;286.2;287.0;287.7;288.2
EL143;204.0;203.9;204.0;204.0;203.9
EL144;130.7;130.3;129.9;129.5;128.9
EL2;2465.3;2471.5;2479.8;2483.1;2475.9
EL21;350.2;353.5;357.1;358.1;355.0
EL211;71.0;70.7;70.4;70.0;69.6
EL212;42.7;42.6;42.6;42.5;42.4
EL213;179.1;183.0;187.1;188.4;185.9
EL214;57.3;57.2;57.1;57.1;57.1
EL22;227.2;230.0;233.0;234.4;234.2
EL221;40.3;40.4;40.5;40.6;40.6
EL222;126.8;129.5;132.4;133.8;133.6
EL223;38.0;37.9;38.0;38.0;37.9
EL224;22.3;22.2;22.1;22.1;22.0
EL23;737.9;740.5;743.7;745.6;743.9
EL231;217.9;217.6;217.4;217.2;216.7
EL232;340.2;343.6;347.3;349.9;349.7
EL233;179.8;179.3;179.0;178.5;177.5
EL24;555.8;554.7;554.4;554.5;554.2
EL241;125.4;125.3;125.3;125.2;125.0
EL242;206.6;206.4;206.5;206.7;206.5
EL243;19.6;19.4;19.4;19.3;19.2
EL244;166.5;166.1;165.9;165.6;165.1
EL245;37.7;37.5;37.3;37.6;38.4
EL25;594.2;592.7;591.6;590.5;588.7
EL251;102.5;102.4;102.4;102.3;102.2
EL252;88.4;87.9;87.5;87.2;86.7
EL253;146.0;146.0;146.2;146.2;146.0
EL254;92.9;92.5;92.1;91.8;91.3
EL255;164.3;163.9;163.5;163.0;162.5
EL3;4046.9;4074.9;4099.1;4111.9;4111.5
EL30;4046.9;4074.9;4099.1;4111.9;4111.5
EL300;4046.9;4074.9;4099.1;4111.9;4111.5
EL4;1111.6;1114.5;1118.4;1122.2;1125.1
EL41;200.8;200.4;200.1;199.8;199.3
EL411;106.2;105.9;105.7;105.5;105.2
EL412;42.7;42.6;42.5;42.4;42.3
EL413;52.0;52.0;51.9;51.8;51.8
EL42;305.5;306.6;307.9;309.7;311.5
EL421;194.7;195.5;196.5;197.5;198.2
EL422;110.8;111.1;111.4;112.2;113.3
EL43;605.4;607.5;610.3;612.7;614.3
EL431;299.0;300.5;302.2;303.7;304.9
EL432;75.4;75.4;75.5;75.5;75.3
EL433;80.6;81.0;81.4;81.8;82.1
EL434;150.3;150.6;151.2;151.7;152.0
ES;44878.9;45555.7;45908.6;46071.0;46174.6
ES1;4355.2;4369.5;4374.5;4372.8;4365.7
ES11;2729.5;2737.0;2738.8;2737.6;2732.8
ES111;1117.1;1121.5;1123.3;1124.4;1124.5
ES112;347.7;346.7;344.4;341.3;338.5
ES113;329.5;327.9;326.4;325.0;322.6
ES114;935.2;940.9;944.7;946.9;947.1
ES12;1058.6;1059.0;1058.5;1056.8;1054.1
ES120;1058.6;1059.0;1058.5;1056.8;1054.1
ES13;567.1;573.5;577.2;578.3;578.8
ES130;567.1;573.5;577.2;578.3;578.8
ES2;4328.5;4367.2;4382.3;4387.6;4385.3
ES21;2131.5;2137.4;2137.3;2139.5;2134.4
ES211;304.6;307.1;309.1;311.7;311.4
ES212;689.5;691.8;691.5;691.2;689.7
ES213;1137.4;1138.5;1136.8;1136.6;1133.3
ES22;601.2;610.4;616.8;620.6;623.4
ES220;601.2;610.4;616.8;620.6;623.4
ES23;309.0;313.7;314.9;313.6;312.7
ES230;309.0;313.7;314.9;313.6;312.7
ES24;1286.7;1305.7;1313.4;1314.0;1314.9
ES241;219.1;221.4;221.9;221.1;219.9
ES242;143.7;145.4;144.7;143.1;141.9
ES243;923.9;938.9;946.8;949.7;953.1
ES3;6120.9;6242.2;6315.4;6352.5;6378.5
ES30;6120.9;6242.2;6315.4;6352.5;6378.5
ES300;6120.9;6242.2;6315.4;6352.5;6378.5
ES4;5524.4;5586.0;5615.5;5619.4;5617.3
ES41;2494.0;2506.2;2504.9;2495.3;2485.4
ES411;167.5;169.2;169.2;168.1;167.0
ES412;361.8;365.0;365.0;362.8;360.7
ES413;483.9;483.9;482.8;481.1;478.8
ES414;171.2;170.9;170.0;168.9;167.7
ES415;347.0;347.6;346.7;345.1;343.3
ES416;158.6;161.0;160.8;159.7;159.3
ES417;92.5;93.0;93.1;92.8;92.4
ES418;516.5;521.2;524.2;525.3;526.2
ES419;195.0;194.4;193.2;191.6;189.8
ES42;1953.8;2000.1;2029.1;2041.1;2048.8
ES421;390.2;394.8;396.6;396.3;396.2
ES422;507.5;514.7;518.6;519.0;519.0
ES423;211.6;213.8;214.6;214.2;212.8
ES424;220.6;231.1;239.1;244.0;247.8
ES425;624.0;645.7;660.2;667.7;673.0
ES43;1076.7;1079.7;1081.6;1083.0;1083.2
ES431;669.7;673.3;675.7;677.3;678.5
ES432;407.0;406.3;406.0;405.7;404.6
ES5;13017.3;13263.8;13363.3;13400.5;13425.4
ES51;7161.7;7264.2;7295.7;7317.3;7326.0
ES511;5300.0;5344.2;5348.8;5363.9;5366.6
ES512;695.7;717.2;725.4;727.0;728.9
ES513;415.4;423.7;428.8;431.0;431.7
ES514;750.6;779.0;792.7;795.5;798.8
ES52;4825.9;4942.1;4993.1;4999.4;5008.0
ES521;1807.7;1861.9;1887.6;1893.1;1901.9
ES522;566.3;583.5;591.5;591.6;591.2
ES523;2451.9;2496.7;2513.9;2514.7;2514.9
ES53;1029.7;1057.5;1074.6;1083.8;1091.4
ES531;123.9;129.2;133.1;135.9;:
ES532;817.5;838.3;850.3;856.4;:
ES533;88.2;90.1;91.2;91.5;:
ES6;9513.4;9668.0;9775.1;9844.0;9895.2
ES61;7981.8;8098.3;8178.3;8231.2;8271.3
ES611;651.6;670.8;683.8;689.7;691.6
ES612;1190.5;1205.0;1214.8;1221.8;1227.5
ES613;781.3;784.8;786.5;787.4;788.2
ES614;887.6;898.1;905.0;909.6;912.5
ES615;492.1;499.5;504.3;507.5;509.5
ES616;653.3;654.9;655.1;654.2;652.7
ES617;1507.2;1545.7;1571.3;1590.0;1607.0
ES618;1818.3;1839.6;1857.4;1871.0;1882.3
ES62;1391.2;1427.5;1452.0;1464.4;1472.2
ES620;1391.2;1427.5;1452.0;1464.4;1472.2
ES63;71.8;72.3;73.5;75.1;76.4
ES630;71.8;72.3;73.5;75.1;76.4
ES64;68.6;69.9;71.3;73.3;75.2
ES640;68.6;69.9;71.3;73.3;75.2
ES7;2019.2;2059.0;2082.4;2094.2;2107.2
ES70;2019.2;2059.0;2082.4;2094.2;2107.2
ES703;10.1;10.2;10.4;10.5;:
ES704;90.6;93.9;94.1;94.2;:
ES705;820.1;832.7;842.3;846.5;:
ES706;22.3;22.5;22.6;22.7;:
ES707;86.0;86.7;87.5;87.7;:
ES708;131.8;136.4;137.4;137.4;:
ES709;858.4;876.5;888.1;895.1;:
FR;63826.1;64178.7;64504.5;64826.9;65161.3
FR1;11629.1;11693.8;11757.2;11818.8;11883.1
FR10;11629.1;11693.8;11757.2;11818.8;11883.1
FR101;2202.2;2222.7;2239.0;2250.0;2262.3
FR102;1296.6;1308.6;1319.1;1328.5;1335.8
FR103;1405.0;1406.8;1408.2;1412.7;1420.3
FR104;1203.9;1206.9;1211.7;1218.7;1225.3
FR105;1547.0;1555.7;1567.1;1576.8;1585.4
FR106;1504.4;1511.2;1519.0;1526.3;1534.6
FR107;1306.9;1314.7;1323.1;1331.4;1338.6
FR108;1163.1;1167.1;1170.0;1174.4;1180.8
FR2;10693.3;10720.9;10742.7;10763.1;10786.2
FR21;1338.7;1338.0;1336.9;1335.3;1333.9
FR211;284.5;283.7;283.3;283.1;282.8
FR212;301.1;302.3;303.3;303.2;302.9
FR213;566.3;566.1;565.7;565.0;564.4
FR214;186.9;185.8;184.6;183.9;183.8
FR22;1903.5;1908.9;1913.0;1917.3;1922.2
FR221;538.3;539.3;540.2;541.2;542.6
FR222;798.2;800.6;802.6;804.6;806.7
FR223;567.0;568.9;570.3;571.5;572.9
FR23;1821.2;1829.3;1834.9;1840.4;1847.3
FR231;574.6;580.0;584.7;587.6;589.8
FR232;1246.6;1249.4;1250.3;1252.8;1257.4
FR24;2529.3;2535.1;2543.3;2551.6;2558.7
FR241;313.9;312.1;311.1;311.7;312.6
FR242;423.0;424.5;427.2;429.5;430.7
FR243;232.4;232.1;231.7;231.5;232.1
FR244;584.2;586.9;589.5;591.3;593.0
FR245;326.4;327.2;329.0;330.5;331.5
FR246;649.3;652.1;654.8;657.0;658.8
FR25;1464.4;1469.2;1472.2;1475.2;1478.5
FR251;675.9;679.6;682.0;683.9;685.4
FR252;496.0;497.3;498.3;499.3;500.4
FR253;292.4;292.2;291.9;292.0;292.6
FR26;1636.2;1640.5;1642.3;1643.4;1645.6
FR261;520.4;522.9;524.3;524.8;525.5
FR262;221.1;220.4;219.9;219.8;220.1
FR263;552.9;554.3;555.2;556.1;556.8
FR264;341.9;342.9;342.9;342.8;343.2
FR3;4023.1;4028.8;4035.7;4041.0;4046.7
FR30;4023.1;4028.8;4035.7;4041.0;4046.7
FR301;2565.0;2568.4;2574.4;2578.6;2582.2
FR302;1458.1;1460.4;1461.3;1462.4;1464.5
FR4;5336.6;5354.4;5364.9;5375.0;5387.6
FR41;2343.1;2348.2;2350.5;2352.5;2355.3
FR411;728.2;730.4;731.6;732.7;733.6
FR412;194.1;194.1;194.0;194.1;194.3
FR413;1040.6;1043.6;1045.0;1045.8;1047.0
FR414;380.2;380.2;380.0;380.0;380.4
FR42;1832.2;1840.1;1844.4;1848.7;1854.6
FR421;1087.9;1092.7;1095.2;1097.7;1101.2
FR422;744.2;747.3;749.2;751.0;753.4
FR43;1161.3;1166.1;1170.0;1173.8;1177.6
FR431;521.4;524.0;526.5;528.7;530.4
FR432;259.8;261.0;261.4;262.0;262.8
FR433;237.9;238.9;239.4;240.0;240.7
FR434;142.2;142.2;142.7;143.2;143.6
FR5;8377.6;8443.6;8507.8;8573.4;8637.8
FR51;3496.4;3524.6;3555.3;3586.3;3615.6
FR511;1251.3;1261.1;1274.2;1287.4;1297.9
FR512;772.8;777.5;782.4;788.1;794.5
FR513;301.8;304.1;305.7;307.6;310.1
FR514;558.3;560.3;562.3;565.9;570.5
FR515;612.2;621.7;630.6;637.4;642.6
FR52;3135.0;3162.4;3187.1;3211.8;3237.2
FR521;578.8;584.5;589.6;594.0;598.7
FR522;888.2;892.2;895.8;901.2;908.3
FR523;961.7;972.5;982.8;992.1;999.9
FR524;706.3;713.1;718.9;724.5;730.3
FR53;1746.2;1756.6;1765.5;1775.3;1785.0
FR531;350.6;351.6;351.6;352.6;354.5
FR532;608.6;614.2;619.5;624.1;627.5
FR533;364.0;365.7;367.8;370.3;372.3
FR534;423.1;425.2;426.6;428.4;430.7
FR6;6727.4;6783.6;6833.8;6882.9;6935.5
FR61;3164.3;3191.9;3219.2;3245.8;3272.9
FR611;408.1;410.7;413.1;415.9;419.3
FR612;1415.3;1428.0;1442.0;1455.3;1467.4
FR613;370.3;376.2;381.8;385.9;389.1
FR614;325.3;328.0;330.4;332.5;335.3
FR615;645.3;648.9;651.9;656.2;661.7
FR62;2824.2;2850.5;2872.2;2893.5;2917.2
FR621;149.4;150.7;151.6;152.7;153.9
FR622;275.2;276.5;276.9;277.9;280.2
FR623;1210.1;1224.1;1237.2;1248.7;1259.0
FR624;184.4;186.2;187.7;188.9;190.5
FR625;172.0;173.2;174.1;175.3;176.7
FR626;228.8;229.4;229.6;230.4;232.3
FR627;370.5;372.9;374.7;376.9;380.0
FR628;233.8;237.6;240.5;242.7;244.7
FR63;738.9;741.3;742.3;743.6;745.4
FR631;242.5;243.1;243.5;243.8;244.4
FR632;123.9;123.7;123.3;123.2;123.5
FR633;372.5;374.4;375.5;376.6;377.5
FR7;7432.1;7488.5;7548.0;7607.3;7665.8
FR71;6091.6;6145.6;6202.4;6258.6;6314.4
FR711;577.9;585.1;593.1;600.0;605.4
FR712;310.5;312.5;314.3;316.5;319.3
FR713;475.7;480.5;483.8;486.9;491.2
FR714;1183.7;1192.8;1201.7;1211.8;1222.6
FR715;741.4;744.1;747.5;752.3;759.0
FR716;1683.8;1699.6;1716.9;1732.9;1748.4
FR717;407.2;409.9;413.0;416.8;420.5
FR718;711.5;721.0;731.9;741.4;748.0
FR72;1340.6;1342.9;1345.7;1348.7;1351.4
FR721;343.0;342.9;343.0;343.3;343.9
FR722;148.9;148.6;148.3;148.3;148.6
FR723;221.1;222.5;223.6;224.2;224.7
FR724;627.6;629.0;630.9;632.9;634.2
FR8;7745.8;7786.6;7825.4;7865.5;7906.5
FR81;2571.3;2596.3;2623.6;2648.6;2673.5
FR811;347.5;351.6;355.2;358.1;361.5
FR812;692.1;698.1;705.8;713.0;719.7
FR813;1015.5;1025.9;1038.3;1049.4;1059.3
FR814;76.9;77.1;77.1;77.4;78.2
FR815;439.3;443.6;447.2;450.6;454.9
FR82;4873.5;4886.0;4894.1;4905.5;4918.1
FR821;157.0;158.7;159.8;160.4;160.8
FR822;133.3;135.0;136.4;137.1;137.5
FR823;1083.4;1081.8;1078.9;1080.1;1082.9
FR824;1962.5;1966.7;1969.7;1974.6;1979.7
FR825;998.7;1004.4;1007.7;1009.5;1012.1
FR826;538.5;539.5;541.6;543.8;545.2
FR83;301.1;304.3;307.7;311.4;314.8
FR831;140.2;141.1;142.5;144.4;146.0
FR832;160.9;163.2;165.2;167.0;168.9
FR9;1861.1;1878.4;1889.1;1899.8;1912.2
FR91;446.0;447.2;448.3;449.6;450.4
FR910;446.0;447.2;448.3;449.6;450.4
FR92;397.7;397.0;395.3;393.3;391.4
FR920;397.7;397.0;395.3;393.3;391.4
FR93;216.1;221.9;226.8;231.6;236.8
FR930;216.1;221.9;226.8;231.6;236.8
FR94;801.2;812.3;818.8;825.3;833.6
FR940;801.2;812.3;818.8;825.3;833.6
HR;4438.8;4435.7;4430.4;4418.9;4405.1
HR0;4438.8;4435.7;4430.4;4418.9;4405.1
HR03;1464.0;1467.4;1469.3;1468.0;1465.2
HR031;305.0;304.7;304.3;303.7;302.9
HR032;51.2;50.6;49.9;49.0;48.3
HR033;173.3;174.7;175.8;176.5;177.2
HR034;114.5;114.4;114.0;113.0;111.6
HR035;481.0;482.0;482.8;483.0;482.9
HR036;213.0;214.1;214.9;215.0;214.6
HR037;126.1;126.8;127.6;127.8;127.7
HR04;2974.8;2968.3;2961.1;2951.0;2939.9
HR041;786.2;788.2;790.7;792.8;794.7
HR042;325.1;326.9;328.4;329.4;330.2
HR043;137.8;137.1;136.4;135.7;135.0
HR044;181.3;180.9;180.4;179.9;179.3
HR045;120.7;120.2;119.6;119.0;118.4
HR046;118.1;117.9;117.9;117.9;117.8
HR047;126.8;125.7;124.7;123.6;122.3
HR048;89.1;88.3;87.5;86.5;85.7
HR049;83.2;82.6;81.9;81.0;80.1
HR04A;174.2;173.7;172.8;171.6;170.5
HR04B;322.6;320.8;319.5;317.8;316.1
HR04C;198.9;198.3;197.3;195.7;193.8
HR04D;134.6;133.5;132.1;130.6;129.1
HR04E;176.3;174.2;171.9;169.5;167.0
IT;59375.3;59832.2;60192.7;60483.4;60723.6
ITC;15705.2;15848.4;15966.8;16068.1;16160.5
ITC1;4377.0;4416.9;4439.4;4451.8;4461.1
ITC11;2263.3;2284.3;2294.3;2300.0;2304.6
ITC12;177.0;178.7;180.0;179.7;179.3
ITC13;187.2;187.4;187.0;186.2;185.5
ITC14;162.0;162.6;162.9;163.2;163.2
ITC15;359.8;364.2;367.7;370.3;372.4
ITC16;577.1;583.3;587.8;590.9;593.5
ITC17;216.6;219.1;220.7;221.4;221.9
ITC18;434.1;437.3;439.1;440.0;440.8
ITC2;125.4;126.5;127.5;128.0;128.5
ITC20;125.4;126.5;127.5;128.0;128.5
ITC3;1608.9;1612.4;1615.5;1616.4;1615.8
ITC31;218.4;220.0;221.3;222.3;222.7
ITC32;284.1;285.9;287.0;287.6;287.7
ITC33;885.4;884.2;883.9;882.9;882.0
ITC34;220.9;222.3;223.3;223.6;223.4
ITC4;9593.9;9692.5;9784.4;9871.9;9955.1
ITC41;859.2;867.3;874.1;880.0;885.5
ITC42;575.3;581.5;587.4;592.5;597.0
ITC43;329.6;333.5;336.7;339.0;340.7
ITC44;180.9;181.7;182.4;182.9;183.3
ITC46;1052.2;1067.6;1081.4;1093.0;1102.5
ITC47;1203.7;1220.9;1236.5;1249.5;1260.7
ITC48;526.1;535.1;541.7;546.3;550.0
ITC49;217.5;221.7;224.7;226.7;228.4
ITC4A;353.2;358.1;361.1;362.8;364.4
ITC4B;400.6;406.7;411.2;414.0;416.4
ITC4C;:;:;:;:;3172.9
ITC4D;:;:;:;:;853.3
ITH;:;:;:;:;11670.3
ITH1;490.8;496.4;501.1;505.5;509.7
ITH10;490.8;496.4;501.1;505.5;509.7
ITH2;510.2;516.6;522.3;527.1;531.4
ITH20;510.2;516.6;522.3;527.1;531.4
ITH3;4802.9;4858.9;4899.0;4925.1;4947.5
ITH31;888.3;902.4;911.4;917.3;922.7
ITH32;848.2;857.0;864.1;868.6;872.3
ITH33;213.0;213.8;214.0;213.7;213.2
ITH34;863.4;874.5;881.6;886.0;889.9
ITH35;840.6;849.2;856.4;861.0;864.7
ITH36;903.9;915.3;924.3;931.0;936.7
ITH37;245.6;246.7;247.2;247.6;248.0
ITH4;1217.3;1226.5;1232.5;1234.9;1236.0
ITH41;305.5;310.0;313.1;314.6;315.7
ITH42;533.8;537.9;540.4;541.3;541.5
ITH43;141.6;142.2;142.5;142.5;142.3
ITH44;236.5;236.4;236.5;236.6;236.4
ITH5;:;:;:;:;4445.8
ITH51;279.9;283.8;287.0;288.9;290.6
ITH52;422.9;429.4;435.3;439.7;443.7
ITH53;505.7;514.8;522.4;527.8;532.2
ITH54;673.9;683.0;691.4;697.7;703.0
ITH55;959.4;970.1;980.3;988.1;995.4
ITH56;354.6;356.9;358.5;359.5;359.8
ITH57;376.5;382.6;387.6;391.0;393.5
ITH58;380.5;385.5;390.2;393.9;396.9
ITH59;:;:;:;:;330.7
ITI;:;:;:;:;11982.4
ITI1;3657.6;3692.4;3719.0;3740.0;3755.7
ITI11;201.6;203.1;203.7;203.8;203.8
ITI12;384.9;388.6;391.2;393.0;394.2
ITI13;284.4;289.0;291.4;292.6;293.3
ITI14;973.8;980.9;988.3;995.0;1000.9
ITI15;245.4;245.9;247.1;249.0;250.3
ITI16;338.2;340.0;341.1;342.2;343.1
ITI17;402.9;408.1;412.2;416.0;418.8
ITI18;339.8;344.3;347.2;348.9;350.1
ITI19;264.6;267.9;270.4;272.0;272.9
ITI1A;222.1;224.6;226.5;227.6;228.4
ITI2;878.7;889.3;897.5;903.6;907.7
ITI21;649.4;657.7;664.4;669.4;673.1
ITI22;229.3;231.6;233.1;234.2;234.6
ITI3;:;:;:;:;1567.2
ITI31;:;:;:;:;367.4
ITI32;468.8;473.4;477.2;479.7;481.9
ITI33;317.9;321.1;323.4;324.9;325.7
ITI34;:;:;:;:;214.0
ITI35;:;:;:;:;178.2
ITI4;5527.2;5593.9;5654.3;5705.3;5751.8
ITI41;307.9;313.1;316.8;319.2;321.3
ITI42;155.9;157.9;159.5;160.2;160.5
ITI43;4037.3;4085.8;4132.4;4174.4;4214.0
ITI44;532.9;541.2;548.2;553.5;557.9
ITI45;493.2;495.9;497.4;498.0;498.1
ITF;14105.4;14139.5;14156.7;14176.2;14185.3
ITF1;1316.9;1329.3;1336.8;1340.6;1343.6
ITF11;306.5;308.4;309.2;309.5;310.0
ITF12;303.6;308.0;310.7;311.9;312.6
ITF13;313.9;317.5;320.2;322.2;323.8
ITF14;392.9;395.5;396.7;397.0;397.3
ITF2;320.5;320.8;320.5;320.0;319.4
ITF21;89.1;89.0;88.8;88.7;88.6
ITF22;231.4;231.8;231.7;231.3;230.9
ITF3;5800.8;5812.2;5818.8;5829.4;5834.5
ITF31;894.6;901.0;907.1;913.2;918.5
ITF32;288.7;288.8;288.5;288.1;287.4
ITF33;3082.9;3078.7;3077.0;3080.3;3079.6
ITF34;438.3;439.3;439.3;439.1;438.9
ITF35;1096.2;1104.4;1106.9;1108.7;1110.1
ITF4;4073.2;4078.1;4081.9;4087.6;4090.1
ITF43;580.3;580.5;580.5;580.3;579.5
ITF44;402.9;402.9;403.0;403.2;403.0
ITF45;810.1;811.9;813.1;814.6;815.4
ITF46;:;:;:;:;639.9
ITF47;:;:;:;:;1259.1
ITF48;:;:;:;:;393.1
ITF5;591.2;590.8;589.7;588.2;586.9
ITF51;387.5;387.0;386.1;384.6;383.2
ITF52;203.7;203.8;203.7;203.6;203.8
ITF6;2002.9;2008.2;2009.0;2010.4;2010.8
ITF61;729.9;732.8;734.1;734.7;734.8
ITF62;172.5;173.1;173.6;174.2;174.5
ITF63;367.2;367.8;368.1;368.4;368.5
ITF64;167.7;167.5;167.1;166.7;166.2
ITF65;565.6;566.9;566.1;566.4;566.8
ITG;6685.8;6702.1;6712.1;6720.9;6725.0
ITG1;5023.3;5033.7;5040.4;5047.0;5049.8
ITG11;435.4;435.9;436.1;436.5;436.4
ITG12;1242.3;1244.0;1245.4;1247.8;1249.8
ITG13;653.9;654.3;654.2;653.8;652.8
ITG14;455.4;455.3;454.8;454.3;453.7
ITG15;272.7;272.4;272.2;271.9;271.1
ITG16;173.7;173.6;173.3;172.7;172.1
ITG17;1079.4;1083.4;1086.3;1088.9;1090.4
ITG18;310.5;312.8;315.0;317.3;319.3
ITG19;399.9;401.8;403.1;403.8;404.2
ITG2;1662.5;1668.3;1671.7;1673.9;1675.2
ITG25;334.1;335.6;336.5;336.9;337.1
ITG26;161.8;161.6;161.2;160.8;160.4
ITG27;556.5;558.7;560.5;562.1;563.5
ITG28;168.2;167.6;167.0;166.5;165.8
ITG29;149.4;152.8;155.2;157.0;158.6
ITG2A;58.0;58.1;58.1;58.0;58.0
ITG2B;103.6;103.2;102.8;102.5;102.2
ITG2C;131.0;130.7;130.4;130.0;129.7
CY;784.0;793.1;800.0;829.4;850.9
CY0;784.0;793.1;800.0;829.4;850.9
CY00;784.0;793.1;800.0;829.4;850.9
CY000;784.0;793.1;800.0;829.4;850.9
LV;2276.1;2266.1;2254.8;2239.0;2058.2
LV0;2276.1;2266.1;2254.8;2239.0;2058.2
LV00;2276.1;2266.1;2254.8;2239.0;2058.2
LV003;304.8;302.6;300.6;298.0;268.7
LV005;351.4;346.0;341.7;337.4;301.7
LV006;719.9;715.2;709.7;703.3;654.9
LV007;376.8;382.9;387.4;389.5;370.1
LV008;239.1;236.7;234.6;232.3;210.1
LV009;284.1;282.7;280.9;278.5;252.6
LT;3375.6;3358.1;3339.5;3286.8;3030.2
LT0;3375.6;3358.1;3339.5;3286.8;3030.2
LT00;3375.6;3358.1;3339.5;3286.8;3030.2
LT001;178.0;176.1;174.3;170.3;156.8
LT002;675.5;672.1;668.4;657.0;605.3
LT003;379.2;378.5;377.4;371.7;337.7
LT004;181.9;180.6;179.1;176.0;160.8
LT005;285.7;282.7;279.8;274.6;249.0
LT006;351.8;348.0;343.9;335.4;299.7
LT007;128.0;126.7;125.4;122.7;109.4
LT008;174.0;172.9;171.8;168.7;151.4
LT009;173.7;171.5;169.2;165.7;150.9
LT00A;847.9;849.0;850.1;844.6;809.2
LU;480.0;488.6;497.8;507.0;518.3
LU0;480.0;488.6;497.8;507.0;518.3
LU00;480.0;488.6;497.8;507.0;518.3
LU000;480.0;488.6;497.8;507.0;518.3
HU;10055.8;10038.2;10022.6;10000.0;9971.7
HU1;2885.0;2911.4;2938.5;2961.3;2978.2
HU10;2885.0;2911.4;2938.5;2961.3;2978.2
HU101;1699.2;1707.3;1716.9;1727.6;1736.9
HU102;1185.8;1204.2;1221.6;1233.7;1241.3
HU2;3068.7;3058.6;3048.7;3036.2;3023.5
HU21;1106.1;1104.0;1100.9;1096.4;1092.2
HU211;428.6;428.4;427.9;426.8;425.9
HU212;314.8;314.5;313.4;311.9;310.8
HU213;362.7;361.0;359.6;357.7;355.6
HU22;998.7;998.1;997.3;995.5;994.1
HU221;443.5;445.7;447.7;449.2;450.9
HU222;262.6;261.4;260.2;258.5;257.1
HU223;292.6;290.9;289.4;287.8;286.1
HU23;963.9;956.5;950.5;944.3;937.2
HU231;397.4;395.8;394.3;392.6;390.2
HU232;326.8;323.6;321.4;319.3;316.9
HU233;239.7;237.2;234.8;232.4;230.1
HU3;4102.1;4068.2;4035.5;4002.5;3970.0
HU31;1244.1;1230.0;1216.2;1201.9;1188.6
HU311;714.3;705.4;697.0;688.8;681.5
HU312;318.2;315.7;312.9;309.7;306.7
HU313;211.6;208.9;206.3;203.4;200.4
HU32;1519.7;1508.2;1497.5;1487.2;1477.5
HU321;544.7;543.0;541.7;540.5;538.9
HU322;401.4;397.0;392.8;388.8;384.9
HU323;573.5;568.2;562.9;558.0;553.7
HU33;1338.4;1330.0;1321.9;1313.3;1303.9
HU331;535.0;532.0;529.4;526.6;523.6
HU332;379.4;374.0;368.9;364.2;359.8
HU333;423.9;424.0;423.5;422.5;420.6
MT;409.1;411.9;414.0;416.0;416.7
MT0;409.1;411.9;414.0;416.0;416.7
MT00;409.1;411.9;414.0;416.0;416.7
MT001;377.8;380.6;382.6;384.6;:
MT002;31.3;31.4;31.4;31.4;:
NL;16381.7;16445.6;16530.4;16615.4;16693.1
NL1;1703.4;1706.8;1711.4;1715.8;1718.3
NL11;573.5;573.8;575.4;577.9;580.0
NL111;153.4;152.6;152.1;151.8;151.2
NL112;50.4;49.8;49.3;49.1;48.9
NL113;369.7;371.4;374.0;377.0;379.9
NL12;642.7;644.0;645.6;646.8;647.2
NL121;330.8;331.1;331.8;332.5;332.8
NL122;105.4;105.7;106.0;106.2;106.3
NL123;206.5;207.2;207.8;208.1;208.1
NL13;487.2;489.0;490.4;491.2;491.1
NL131;187.3;188.4;189.1;189.5;189.8
NL132;171.3;171.4;171.6;171.5;170.9
NL133;128.6;129.2;129.8;130.2;130.4
NL2;3476.2;3491.2;3508.6;3524.1;3537.5
NL21;1118.2;1122.7;1127.9;1132.4;1136.1
NL211;348.1;350.6;353.0;355.1;357.2
NL212;151.5;152.0;152.6;152.9;152.9
NL213;618.6;620.1;622.4;624.4;626.0
NL22;1981.5;1987.5;1995.0;2001.8;2007.7
NL221;647.5;649.6;652.7;655.4;657.8
NL224;233.5;234.0;234.5;235.0;235.6
NL225;401.7;402.0;402.0;401.8;401.6
NL226;698.7;701.9;705.8;709.6;712.7
NL23;376.6;381.1;385.7;389.9;393.7
NL230;376.6;381.1;385.7;389.9;393.7
NL3;7654.4;7694.7;7748.4;7803.6;7855.4
NL31;1196.0;1206.1;1215.9;1224.9;1233.0
NL310;1196.0;1206.1;1215.9;1224.9;1233.0
NL32;2619.6;2636.3;2657.8;2680.3;2700.6
NL321;366.2;367.4;369.2;370.6;371.5
NL322;228.6;229.4;230.3;231.3;232.1
NL323;189.8;190.8;191.9;192.8;193.5
NL324;217.0;217.7;218.8;220.4;221.7
NL325;158.0;159.4;160.6;162.0;163.4
NL326;1217.9;1228.9;1243.4;1259.2;1273.6
NL327;242.0;242.8;243.5;244.0;244.8
NL33;3458.3;3471.5;3493.6;3517.0;3540.4
NL332;782.3;789.2;798.4;806.8;815.2
NL333;212.4;213.2;214.0;215.0;217.3
NL337;:;:;:;:;408.2
NL338;:;:;:;:;294.1
NL339;:;:;:;:;1408.7
NL33A;:;:;:;:;396.9
NL34;380.5;380.8;381.2;381.5;381.5
NL341;107.5;107.3;107.0;106.7;106.4
NL342;273.1;273.5;274.2;274.8;275.1
NL4;3547.7;3552.8;3562.0;3571.9;3581.8
NL41;2421.9;2429.7;2439.4;2449.2;2459.0
NL411;609.0;610.8;613.2;615.3;617.4
NL412;453.5;455.1;456.9;458.6;460.4
NL413;630.4;632.5;635.3;638.3;640.5
NL414;729.0;731.3;733.9;737.0;740.6
NL42;1125.8;1123.2;1122.7;1122.7;1122.9
NL421;278.8;279.1;279.7;280.1;280.3
NL422;234.1;234.2;234.6;235.0;235.3
NL423;612.9;609.9;608.3;607.5;607.3
AT;8300.8;8336.9;8365.3;8389.8;8423.6
AT1;3541.3;3564.1;3583.1;3600.9;3623.0
AT11;280.6;282.2;283.5;284.4;285.6
AT111;37.5;37.5;37.5;37.5;37.6
AT112;145.8;147.1;148.3;149.2;150.2
AT113;97.4;97.6;97.8;97.7;97.8
AT12;1592.6;1600.8;1606.5;1610.0;1614.7
AT121;240.9;241.4;241.6;241.4;241.4
AT122;251.7;252.2;252.6;252.9;253.3
AT123;147.2;147.7;148.1;148.3;148.6
AT124;221.4;221.1;220.7;220.0;219.7
AT125;123.8;123.9;124.0;123.8;123.6
AT126;296.3;300.2;303.1;305.3;307.7
AT127;311.3;314.2;316.5;318.2;320.3
AT13;1668.1;1681.1;1693.0;1706.5;1722.7
AT130;1668.1;1681.1;1693.0;1706.5;1722.7
AT2;1763.6;1766.7;1767.9;1768.3;1770.0
AT21;559.9;560.5;560.0;558.8;558.0
AT211;274.0;275.3;276.1;276.5;277.3
AT212;129.9;129.7;129.2;128.5;127.8
AT213;155.9;155.4;154.7;153.8;153.0
AT22;1203.7;1206.2;1207.9;1209.5;1211.9
AT221;388.6;393.0;397.3;401.7;406.4
AT222;80.8;80.6;80.4;80.0;79.6
AT223;169.6;168.7;167.6;166.3;165.3
AT224;268.2;268.0;267.5;267.2;266.9
AT225;190.7;190.7;190.6;190.5;190.3
AT226;105.8;105.2;104.5;103.8;103.3
AT3;2996.0;3006.2;3014.3;3020.6;3030.7
AT31;1405.2;1408.5;1410.8;1411.9;1414.7
AT311;274.7;275.3;275.6;275.4;275.7
AT312;543.9;546.3;548.3;549.9;552.2
AT313;204.1;204.3;204.3;204.2;204.3
AT314;153.2;153.1;153.0;152.9;152.6
AT315;229.3;229.5;229.7;229.6;229.9
AT32;526.8;528.3;529.5;530.8;532.9
AT321;21.1;21.0;21.0;20.9;20.9
AT322;163.0;163.0;162.9;162.9;163.3
AT323;342.7;344.4;345.7;346.9;348.8
AT33;699.0;702.6;705.7;708.5;712.2
AT331;31.8;31.9;31.8;31.7;31.7
AT332;279.3;281.1;283.1;285.1;287.4
AT333;50.4;50.2;50.0;49.8;49.6
AT334;100.1;100.7;100.9;101.1;101.5
AT335;237.4;238.7;239.8;240.7;242.1
AT34;365.1;366.7;368.2;369.4;370.8
AT341;88.6;88.5;88.5;88.3;88.1
AT342;276.5;278.2;279.7;281.1;282.7
PL;38120.6;38125.8;38151.6;38183.7;38534.2
PL1;7741.1;7748.9;7758.7;7770.6;7814.4
PL11;2561.0;2552.4;2545.3;2538.1;2538.1
PL113;756.7;750.2;744.8;739.7;727.8
PL114;375.7;376.6;377.8;379.0;383.8
PL115;599.4;598.6;597.7;596.5;598.5
PL116;454.8;453.9;453.2;452.3;455.5
PL117;374.4;373.1;371.9;370.5;372.4
PL12;5180.1;5196.5;5213.3;5232.5;5276.3
PL121;625.7;624.6;623.9;623.2;631.7
PL122;749.2;748.6;748.0;747.2;758.8
PL127;1704.4;1708.2;1712.1;1717.4;1704.3
PL128;623.2;622.4;621.7;620.7;625.5
PL129;745.2;752.9;760.5;768.5;782.9
PL12A;732.4;739.8;747.1;755.5;773.1
PL2;7936.7;7933.0;7935.9;7942.5;7972.4
PL21;3275.1;3283.1;3292.7;3304.2;3341.7
PL213;756.4;755.6;754.8;755.6;758.4
PL214;666.3;671.0;676.4;682.4;695.1
PL215;760.6;763.7;767.2;770.7;784.4
PL216;632.2;632.8;633.6;634.2;640.0
PL217;459.6;459.9;460.6;461.4;463.7
PL22;4661.6;4649.9;4643.2;4638.3;4630.6
PL224;533.8;531.9;530.5;529.5;530.0
PL225;649.1;650.9;653.3;655.7;661.6
PL227;637.8;637.1;637.2;637.4;640.1
PL228;459.1;457.2;455.9;455.0;450.1
PL229;502.2;500.0;498.5;497.4;483.3
PL22A;773.9;769.4;766.0;763.0;764.0
PL22B;723.0;720.1;717.2;714.3;711.8
PL22C;382.7;383.3;384.5;386.1;389.7
PL3;6739.0;6728.7;6722.2;6714.3;6786.1
PL31;2169.5;2164.0;2159.5;2154.5;2175.2
PL311;309.1;308.2;307.4;306.6;310.1
PL312;652.4;650.1;648.1;645.5;650.9
PL314;714.5;713.9;713.4;713.3;717.6
PL315;493.5;491.8;490.6;489.1;496.7
PL32;2097.5;2098.4;2100.6;2102.6;2128.3
PL323;481.0;481.2;481.6;482.0;487.2
PL324;395.7;395.0;394.7;394.5;398.6
PL325;606.5;608.3;610.3;612.4;620.7
PL326;614.2;613.9;614.0;613.8;621.9
PL33;1277.7;1274.2;1271.5;1268.1;1280.3
PL331;778.9;777.3;776.2;775.0;782.4
PL332;498.8;496.9;495.2;493.1;497.9
PL34;1194.4;1192.1;1190.6;1189.0;1202.2
PL343;503.9;503.9;504.4;505.3;509.3
PL344;413.3;411.4;409.8;407.9;413.8
PL345;277.1;276.8;276.4;275.8;279.1
PL4;6083.7;6093.6;6105.5;6117.5;6197.5
PL41;3382.7;3392.2;3402.9;3413.9;3451.1
PL411;406.8;407.9;408.8;409.5;414.5
PL414;650.1;651.0;652.1;653.0;660.5
PL415;562.9;559.1;555.7;552.9;554.6
PL416;667.0;667.4;668.4;669.4;672.9
PL417;540.6;542.3;544.1;546.0;550.7
PL418;555.3;564.7;573.7;583.0;598.0
PL42;1692.6;1692.6;1693.1;1693.1;1723.2
PL422;592.4;591.8;591.7;591.7;604.7
PL423;375.5;375.1;374.9;374.4;380.8
PL424;408.4;407.4;406.6;406.0;409.9
PL425;316.3;318.3;319.8;321.1;327.9
PL43;1008.5;1008.7;1009.5;1010.5;1023.2
PL431;381.7;381.9;382.4;383.0;386.8
PL432;626.8;626.8;627.1;627.5;636.4
PL5;3919.9;3912.8;3908.9;3907.1;3932.5
PL51;2880.4;2877.7;2876.8;2877.2;2916.9
PL514;633.8;632.5;632.2;632.6;631.0
PL515;580.6;579.0;577.2;575.4;583.0
PL516;448.8;448.6;448.6;448.5;454.9
PL517;681.9;678.7;676.0;673.1;684.0
PL518;535.3;539.0;542.9;547.6;564.0
PL52;1039.5;1035.1;1032.1;1029.8;1015.6
PL521;410.6;409.0;407.8;406.7;403.9
PL522;629.0;626.1;624.3;623.1;611.7
PL6;5700.0;5708.9;5720.4;5731.7;5831.2
PL61;2066.3;2067.0;2068.5;2069.3;2098.5
PL613;758.7;759.6;760.8;762.2;773.6
PL614;529.4;530.0;530.9;531.3;539.7
PL615;778.2;777.4;776.8;775.8;785.3
PL62;1426.5;1426.6;1427.1;1427.2;1453.2
PL621;530.2;529.8;529.7;529.4;538.0
PL622;612.5;613.0;613.5;613.8;623.9
PL623;283.8;283.8;283.9;283.9;291.3
PL63;2207.3;2215.2;2224.8;2235.2;2279.5
PL631;478.3;479.0;480.0;480.8;490.3
PL633;746.6;744.4;743.3;742.7;748.4
PL634;494.1;502.1;510.2;518.7;536.6
PL635;488.3;489.7;491.3;493.0;504.2
PT;10608.3;10622.4;10632.5;10637.3;10557.0
PT1;10118.6;10131.1;10140.1;10144.3;10042.8
PT11;3744.8;3745.3;3745.5;3743.3;3686.8
PT111;251.8;251.3;250.7;249.9;244.3
PT112;410.6;412.1;413.5;414.5;410.1
PT113;523.7;524.3;524.8;525.0;511.3
PT114;1280.7;1282.4;1284.4;1285.7;1287.1
PT115;560.6;560.7;560.7;560.2;550.1
PT116;287.2;288.0;288.8;289.3;274.6
PT117;213.1;211.1;209.1;207.0;205.4
PT118;217.1;215.4;213.6;211.7;203.8
PT15;424.0;428.2;432.1;435.8;451.1
PT150;424.0;428.2;432.1;435.8;451.1
PT16;2385.9;2384.6;2382.2;2378.5;2325.0
PT161;399.0;400.0;400.8;401.3;390.5
PT162;333.3;331.4;329.6;327.6;332.1
PT163;266.5;267.7;268.6;269.5;260.9
PT164;137.8;137.5;137.2;136.8;131.1
PT165;291.5;291.4;291.1;290.6;276.8
PT166;41.3;40.7;40.1;39.5;40.6
PT167;48.1;47.7;47.2;46.7;43.6
PT168;110.7;109.6;108.5;107.3;104.2
PT169;74.3;73.5;72.8;72.1;74.8
PT16A;91.6;91.0;90.4;89.7;87.7
PT16B;360.6;362.9;365.0;366.8;362.3
PT16C;231.3;231.2;230.9;230.5;220.4
PT17;2801.3;2813.9;2825.2;2835.4;2823.4
PT171;2022.6;2027.5;2031.6;2035.0;2043.8
PT172;778.7;786.4;793.5;800.4;779.6
PT18;762.6;759.0;755.2;751.2;756.5
PT181;96.5;95.8;95.2;94.6;97.9
PT182;118.8;117.4;116.1;114.7;118.1
PT183;170.3;169.4;168.5;167.6;166.7
PT184;128.1;126.9;125.7;124.4;126.4
PT185;249.0;249.4;249.7;250.0;247.3
PT2;243.5;244.4;245.1;245.6;246.9
PT20;243.5;244.4;245.1;245.6;246.9
PT200;243.5;244.4;245.1;245.6;246.9
PT3;246.2;246.9;247.3;247.5;267.3
PT30;246.2;246.9;247.3;247.5;267.3
PT300;246.2;246.9;247.3;247.5;267.3
RO;21546.9;21513.6;21480.4;21438.0;21384.8
RO1;5251.1;5248.2;5245.8;5242.2;5236.1
RO11;2726.7;2722.8;2720.6;2718.6;2714.9
RO111;594.3;593.8;593.3;593.0;592.5
RO112;316.9;317.1;317.3;317.1;316.7
RO113;692.9;691.3;691.5;693.2;693.5
RO114;513.2;512.3;511.5;510.4;509.2
RO115;366.2;365.7;365.1;364.0;363.0
RO116;243.2;242.7;241.9;240.8;239.9
RO12;2524.4;2525.3;2525.2;2523.6;2521.2
RO121;375.7;374.6;373.8;372.3;370.8
RO122;594.4;596.7;597.5;598.5;599.3
RO123;223.4;223.0;222.7;222.3;221.7
RO124;325.8;325.5;325.2;324.8;324.1
RO125;581.8;581.5;581.2;580.2;579.2
RO126;423.1;424.0;424.8;425.5;426.2
RO2;6555.3;6542.1;6529.8;6514.7;6498.9
RO21;3725.2;3720.1;3715.0;3707.8;3702.0
RO211;720.8;718.9;717.2;715.0;712.4
RO212;455.8;452.6;450.0;447.6;444.4
RO213;816.3;821.2;824.1;823.4;828.5
RO214;567.8;565.6;563.9;562.8;560.1
RO215;707.1;707.4;707.8;708.8;709.1
RO216;457.4;454.4;452.0;450.3;447.5
RO22;2830.0;2822.1;2814.8;2806.9;2796.9
RO221;365.4;362.7;360.3;357.9;355.3
RO222;488.1;485.2;482.8;480.5;477.6
RO223;718.5;720.8;722.8;724.2;724.7
RO224;614.8;612.3;610.2;608.1;605.7
RO225;250.5;249.1;247.6;246.0;244.2
RO226;392.7;392.0;391.1;390.3;389.3
RO3;5535.5;5533.5;5530.9;5525.0;5512.6
RO31;3298.4;3285.9;3273.5;3260.5;3246.5
RO311;644.3;643.4;641.4;639.7;637.8
RO312;314.8;313.8;313.1;312.1;310.8
RO313;532.8;531.2;530.7;530.0;529.3
RO314;283.3;282.5;281.6;280.4;279.4
RO315;290.1;289.0;288.1;287.1;286.0
RO316;820.8;818.3;815.9;813.1;809.8
RO317;412.4;407.7;402.8;398.1;393.4
RO32;2237.1;2247.5;2257.4;2264.6;2266.1
RO321;1942.2;1944.2;1944.4;1940.9;1930.9
RO322;294.8;303.4;313.0;323.6;335.3
RO4;4205.0;4189.9;4173.9;4156.1;4137.3
RO41;2278.3;2264.3;2251.9;2239.4;2226.5
RO411;712.3;709.1;706.0;702.4;698.6
RO412;381.2;379.2;377.6;376.5;375.2
RO413;298.3;295.5;293.3;291.2;289.1
RO414;475.2;471.0;467.0;462.7;458.4
RO415;411.3;409.4;408.0;406.6;405.2
RO42;1926.7;1925.6;1922.0;1916.6;1910.7
RO421;457.6;457.3;456.4;455.3;454.4
RO422;327.4;325.2;323.1;321.2;319.0
RO423;472.1;468.3;464.8;461.5;458.1
RO424;669.6;674.8;677.6;678.6;679.2
SI;2018.1;2021.3;2039.7;2048.6;2052.8
SI0;2018.1;2021.3;2039.7;2048.6;2052.8
SI01;1084.3;1078.3;1083.1;1084.3;1084.0
SI011;121.9;119.8;119.5;119.3;119.1
SI012;320.7;322.6;323.1;323.2;323.3
SI013;73.7;72.5;72.6;72.7;72.4
SI014;259.9;257.6;259.4;259.9;260.0
SI015;45.2;44.7;44.7;44.5;44.1
SI016;70.2;69.6;70.0;70.2;70.2
SI017;140.9;140.2;141.6;142.3;142.6
SI018;51.8;51.4;52.0;52.3;52.3
SI02;933.8;943.0;956.5;964.3;968.9
SI021;506.3;516.4;525.8;531.4;534.8
SI022;200.6;200.9;202.3;203.2;203.7
SI023;119.9;118.2;118.8;119.1;119.2
SI024;107.0;107.5;109.6;110.6;111.1
SK;5397.3;5406.6;5418.6;5430.1;5398.4
SK0;5397.3;5406.6;5418.6;5430.1;5398.4
SK01;608.8;613.7;619.6;625.7;603.2
SK010;608.8;613.7;619.6;625.7;603.2
SK02;1863.0;1865.0;1866.3;1866.5;1839.0
SK021;556.1;558.5;560.7;562.3;554.8
SK022;599.8;599.8;599.5;599.0;594.3
SK023;707.0;706.6;706.0;705.2;689.9
SK03;1350.7;1350.2;1350.4;1350.6;1349.5
SK031;695.5;696.0;696.9;697.9;688.9
SK032;655.2;654.2;653.4;652.7;660.6
SK04;1574.8;1577.8;1582.3;1587.3;1606.6
SK041;801.2;802.9;805.5;808.2;814.7
SK042;773.6;774.8;776.8;779.1;791.9
FI;5288.7;5313.4;5338.9;5363.4;5388.3
FI1;5261.7;5286.1;5311.3;5335.5;5360.1
FI19;1341.8;1347.1;1352.4;1357.6;1362.7
FI193;270.2;271.2;272.3;273.2;274.0
FI194;193.7;193.7;193.5;193.5;193.6
FI195;174.6;175.5;176.5;177.5;178.5
FI196;228.9;228.0;227.5;227.2;226.8
FI197;474.4;478.7;482.6;486.2;489.7
FI1B;1475.6;1492.6;1509.5;1524.9;1540.7
FI1B1;1475.6;1492.6;1509.5;1524.9;1540.7
FI1C;1147.7;1150.6;1153.5;1156.1;1158.7
FI1C1;458.5;460.2;462.0;464.0;466.2
FI1C2;170.7;172.2;173.4;174.2;174.9
FI1C3;199.6;200.5;201.1;201.5;202.0
FI1C4;183.9;183.2;182.7;182.5;182.1
FI1C5;135.0;134.6;134.2;133.9;133.5
FI1D;1296.6;1295.8;1295.9;1296.8;1298.0
FI1D1;158.7;157.2;156.1;155.1;154.2
FI1D2;249.2;248.6;248.3;248.1;248.0
FI1D3;167.1;166.4;166.0;165.9;165.9
FI1D4;84.1;83.5;82.9;82.4;81.7
FI1D5;67.8;67.9;68.1;68.2;68.4
FI1D6;385.1;387.8;390.6;393.5;396.4
FI1D7;184.7;184.2;183.9;183.6;183.4
FI2;27.0;27.3;27.6;27.9;28.2
FI20;27.0;27.3;27.6;27.9;28.2
FI200;27.0;27.3;27.6;27.9;28.2
SE;9148.1;9219.6;9298.5;9378.1;9449.2
SE1;3463.3;3505.4;3552.2;3600.5;3646.6
SE11;1933.8;1965.4;2000.2;2036.8;2072.9
SE110;1933.8;1965.4;2000.2;2036.8;2072.9
SE12;1529.5;1540.1;1551.9;1563.8;1573.7
SE121;321.6;325.2;329.5;333.9;337.3
SE122;264.1;266.4;268.3;269.9;271.7
SE123;419.4;422.0;425.1;428.4;430.4
SE124;275.5;276.9;278.3;279.6;280.9
SE125;248.8;249.6;250.7;252.1;253.5
SE2;3980.3;4010.9;4043.3;4074.0;4099.6
SE21;803.8;806.6;809.0;810.8;812.3
SE211;332.6;334.4;335.6;336.5;337.4
SE212;180.2;181.5;182.7;183.6;184.3
SE213;233.8;233.6;233.5;233.6;233.3
SE214;57.2;57.1;57.1;57.2;57.3
SE22;1343.6;1359.1;1375.3;1390.1;1401.2
SE221;151.7;152.1;152.4;152.9;153.1
SE224;1191.9;1207.1;1222.9;1237.2;1248.1
SE23;1832.9;1845.2;1859.0;1873.0;1886.1
SE231;290.1;292.5;295.2;298.2;300.6
SE232;1542.8;1552.7;1563.8;1574.9;1585.5
SE3;1704.4;1703.2;1703.1;1703.6;1703.1
SE31;824.9;825.1;825.5;826.4;826.1
SE311;273.7;273.6;273.3;273.3;273.0
SE312;275.7;275.7;276.2;276.8;276.8
SE313;275.6;275.7;276.1;276.4;276.3
SE32;370.7;370.3;370.0;369.5;368.9
SE321;243.7;243.4;243.2;242.8;242.4
SE322;127.0;126.9;126.8;126.7;126.5
SE33;508.8;507.8;507.5;507.7;508.1
SE331;257.6;257.7;258.2;258.9;259.5
SE332;251.2;250.1;249.3;248.8;248.6
UK;60988.7;61393.7;61811.1;62271.2;:
UKC;2561.1;2571.5;2586.4;2605.8;:
UKC1;1158.5;1163.1;1168.1;1174.6;:
UKC11;279.3;280.6;282.1;283.7;:
UKC12;277.9;277.9;278.4;279.7;:
UKC13;99.6;100.0;100.4;100.8;:
UKC14;501.7;504.6;507.2;510.4;:
UKC2;1402.6;1408.4;1418.3;1431.2;:
UKC21;310.2;310.8;311.3;311.9;:
UKC22;811.3;816.4;825.1;836.0;:
UKC23;281.1;281.1;281.9;283.3;:
UKD;6863.4;6877.5;6901.4;6937.2;:
UKD1;496.5;495.9;495.1;494.3;:
UKD11;235.2;235.1;234.8;234.3;:
UKD12;261.3;260.8;260.3;260.1;:
UKD3;2566.3;2581.6;2602.8;2630.2;:
UKD31;1395.2;1407.9;1425.0;1447.2;:
UKD32;1171.1;1173.7;1177.8;1183.1;:
UKD4;1446.9;1445.9;1446.5;1449.7;:
UKD41;139.6;139.6;139.8;140.1;:
UKD42;141.7;140.7;140.1;139.8;:
UKD43;1165.6;1165.6;1166.5;1169.7;:
UKD72;442.4;441.8;442.7;445.3;:
UKD73;275.1;274.2;273.4;273.0;:
UKD74;309.0;308.6;308.6;308.7;:
UKE;5181.9;5218.7;5258.7;5301.1;:
UKE1;910.5;914.4;917.8;921.0;:
UKE11;259.7;261.0;262.5;263.7;:
UKE12;333.8;335.8;337.2;338.6;:
UKE13;317.0;317.6;318.2;318.7;:
UKE2;782.0;788.7;795.9;802.1;:
UKE21;192.7;195.3;198.7;202.3;:
UKE22;589.3;593.5;597.1;599.8;:
UKE3;1300.3;1308.0;1317.5;1328.1;:
UKE31;765.4;767.6;770.2;772.8;:
UKE32;534.9;540.4;547.3;555.4;:
UKE4;2189.0;2207.6;2227.5;2249.8;:
UKE41;496.4;501.5;506.9;512.8;:
UKE42;771.5;779.6;788.4;798.6;:
UKF;4396.5;4426.8;4453.3;4481.4;:
UKF1;2058.5;2070.5;2083.0;2097.0;:
UKF11;241.6;243.1;244.6;246.9;:
UKF12;272.5;272.9;273.2;273.9;:
UKF13;481.9;484.8;487.3;489.7;:
UKF14;292.7;296.6;301.2;306.7;:
UKF15;437.4;439.1;440.7;442.1;:
UKF16;332.3;334.0;335.9;337.8;:
UKF2;1647.0;1661.1;1671.8;1681.5;:
UKF21;300.6;303.3;305.0;306.6;:
UKF22;674.4;679.2;683.3;687.2;:
UKF3;691.1;695.2;698.6;702.9;:
UKF30;691.1;695.2;698.6;702.9;:
UKG;5381.8;5406.6;5431.4;5455.7;:
UKG1;1260.6;1266.7;1270.4;1273.1;:
UKG11;178.2;178.9;179.2;179.3;:
UKG12;553.3;555.1;556.4;557.7;:
UKG13;529.1;532.7;534.8;536.0;:
UKG2;1513.2;1517.8;1522.3;1526.9;:
UKG21;161.5;161.7;162.2;162.7;:
UKG22;288.8;290.5;291.9;293.1;:
UKG23;238.8;238.9;239.3;240.0;:
UKG24;824.1;826.7;828.9;831.2;:
UKG3;2608.0;2622.1;2638.7;2655.7;:
UKG31;1012.6;1019.7;1028.4;1037.4;:
UKG32;203.0;204.2;205.2;206.0;:
UKG33;307.0;310.1;312.9;315.9;:
UKH;5652.0;5712.5;5770.6;5831.6;:
UKH1;2304.3;2326.5;2347.7;2372.1;:
UKH11;168.5;169.8;171.4;173.6;:
UKH12;592.7;600.2;607.7;617.1;:
UKH13;838.5;846.5;854.1;861.9;:
UKH14;704.7;710.0;714.5;719.5;:
UKH2;1663.2;1682.3;1701.7;1723.0;:
UKH21;187.4;190.6;194.5;199.0;:
UKH23;1070.8;1083.3;1095.6;1107.9;:
UKH3;1684.4;1703.7;1721.1;1736.5;:
UKH31;160.9;162.8;164.2;165.4;:
UKH32;152.5;154.9;157.3;159.4;:
UKH33;1370.9;1386.0;1399.6;1411.7;:
UKI;7604.8;7673.1;7750.2;7836.0;:
UKI1;3003.1;3031.2;3058.9;3088.5;:
UKI11;1100.0;1108.7;1118.4;1130.4;:
UKI12;1903.2;1922.5;1940.5;1958.1;:
UKI2;4601.7;4642.0;4691.3;4747.5;:
UKI21;1613.5;1627.7;1645.4;1666.2;:
UKI22;1194.5;1206.0;1218.2;1231.3;:
UKI23;1793.7;1808.2;1827.7;1849.9;:
UKJ;8295.9;8367.1;8440.8;8520.2;:
UKJ1;2179.0;2202.0;2226.6;2252.6;:
UKJ11;829.1;841.7;853.8;864.8;:
UKJ12;229.0;232.9;236.9;241.1;:
UKJ13;488.5;491.5;494.7;498.0;:
UKJ14;632.4;635.9;641.2;648.7;:
UKJ2;2633.2;2654.2;2676.1;2700.0;:
UKJ21;250.6;253.6;256.3;258.5;:
UKJ22;509.3;510.9;512.7;515.8;:
UKJ23;1090.5;1101.4;1113.6;1126.5;:
UKJ24;782.9;788.3;793.5;799.3;:
UKJ3;1841.5;1856.3;1870.2;1883.7;:
UKJ31;197.2;199.7;203.4;207.1;:
UKJ32;231.1;233.9;236.8;239.5;:
UKJ33;1273.7;1282.7;1289.8;1296.6;:
UKJ34;139.4;140.0;140.3;140.5;:
UKJ4;1642.3;1654.5;1667.7;1683.9;:
UKJ41;252.2;253.4;254.9;256.8;:
UKJ42;1390.1;1401.1;1412.8;1427.1;:
UKK;5172.8;5207.6;5236.6;5273.2;:
UKK1;2285.2;2306.9;2328.2;2351.9;:
UKK11;420.3;426.5;433.4;441.0;:
UKK12;638.5;644.4;649.9;656.2;:
UKK13;583.7;586.5;589.5;593.8;:
UKK14;192.5;195.8;198.8;201.6;:
UKK15;450.2;453.6;456.5;459.4;:
UKK2;1229.3;1233.8;1235.7;1240.3;:
UKK21;303.3;305.2;307.0;310.0;:
UKK22;404.6;405.2;404.7;404.8;:
UKK23;521.4;523.4;524.1;525.5;:
UKK3;528.1;531.2;533.9;537.6;:
UKK30;528.1;531.2;533.9;537.6;:
UKK4;1130.2;1135.7;1138.9;1143.4;:
UKK41;253.9;255.6;256.9;258.9;:
UKK42;133.8;134.0;134.0;134.3;:
UKK43;742.4;746.2;747.9;750.2;:
UKL;2976.1;2988.9;2998.8;3007.1;:
UKL1;1887.8;1892.8;1895.2;1897.0;:
UKL11;68.7;68.8;68.7;68.6;:
UKL12;118.5;118.6;118.8;118.9;:
UKL13;207.2;207.9;208.0;207.8;:
UKL14;372.8;374.4;374.7;374.9;:
UKL15;290.1;290.0;290.0;290.1;:
UKL16;331.2;331.7;332.0;332.0;:
UKL17;270.4;271.3;271.7;272.1;:
UKL18;228.9;230.1;231.3;232.5;:
UKL2;1088.3;1096.1;1103.6;1110.1;:
UKL21;226.7;227.5;228.4;229.3;:
UKL22;449.3;454.8;460.6;465.8;:
UKL23;281.3;282.3;283.0;283.6;:
UKL24;131.0;131.5;131.6;131.4;:
UKM;5143.4;5168.8;5194.7;5223.3;:
UKM2;1964.3;1979.4;1994.6;2011.8;:
UKM21;252.1;252.8;253.7;254.9;:
UKM22;410.2;412.3;414.0;415.9;:
UKM23;174.2;176.2;177.6;178.9;:
UKM24;111.4;112.2;112.7;112.9;:
UKM25;467.8;472.3;478.3;486.3;:
UKM26;150.7;151.6;152.5;153.4;:
UKM27;230.3;232.5;234.9;237.6;:
UKM28;167.7;169.5;170.9;172.1;:
UKM3;2287.5;2291.3;2295.6;2300.6;:
UKM31;222.8;222.1;221.5;221.0;:
UKM32;148.3;148.5;148.5;148.2;:
UKM33;248.6;249.0;249.1;248.9;:
UKM34;582.2;584.7;588.5;593.2;:
UKM35;340.0;339.7;339.5;339.6;:
UKM36;324.7;325.5;326.1;326.4;:
UKM37;111.7;111.6;111.5;111.5;:
UKM38;309.2;310.2;311.0;311.8;:
UKM5;448.0;452.4;457.4;462.8;:
UKM50;448.0;452.4;457.4;462.8;:
UKM6;443.6;445.7;447.2;448.1;:
UKM61;90.6;91.0;91.1;91.1;:
UKM62;182.3;184.0;185.2;186.0;:
UKM63;102.7;102.6;102.4;102.4;:
UKM64;26.3;26.2;26.2;26.2;:
UKM65;19.8;19.9;20.0;20.1;:
UKM66;21.9;22.0;22.2;22.4;:
UKN;1758.9;1774.7;1788.3;1798.8;:
UKN0;1758.9;1774.7;1788.3;1798.8;:
UKN01;267.7;268.2;268.5;268.4;:
UKN02;380.0;382.8;386.0;388.4;:
UKN03;427.2;432.5;436.6;439.8;:
UKN04;285.6;286.9;287.7;288.1;:
UKN05;398.5;404.4;409.5;414.2;:
IS;311.6;317.4;318.5;318.0;319.0
IS0;311.6;317.4;318.5;318.0;319.0
IS00;311.6;317.4;318.5;318.0;319.0
IS001;194.9;199.6;201.1;201.6;203.0
IS002;116.6;117.8;117.4;116.4;116.0
LI;35.3;35.5;35.7;36.0;36.3
LI0;35.3;35.5;35.7;36.0;36.3
LI00;35.3;35.5;35.7;36.0;36.3
LI000;35.3;35.5;35.7;36.0;36.3
NO;4709.2;4768.2;4828.7;4889.3;4953.1
NO0;4709.2;4768.2;4828.7;4889.3;4953.1
NO01;1068.4;1091.1;1113.2;1134.1;1157.2
NO011;554.6;568.0;581.2;593.0;606.3
NO012;513.9;523.1;532.1;541.1;551.0
NO02;372.3;373.6;375.1;376.8;378.8
NO021;189.0;189.7;190.4;191.2;192.2
NO022;183.3;184.0;184.8;185.7;186.6
NO03;905.0;914.9;924.4;933.8;944.4
NO031;264.0;267.0;270.1;273.2;276.6
NO032;249.4;252.9;256.2;259.4;263.1
NO033;225.1;227.8;230.2;232.5;235.1
NO034;166.5;167.1;167.9;168.7;169.6
NO04;678.9;690.5;701.5;712.7;723.7
NO041;105.4;106.7;107.9;109.3;110.8
NO042;164.8;167.1;169.3;171.4;173.4
NO043;408.6;416.6;424.3;432.0;439.6
NO05;812.0;820.3;830.2;840.7;850.6
NO051;459.7;466.2;473.4;480.7;487.4
NO052;106.2;106.4;106.8;107.4;108.0
NO053;246.1;247.7;250.0;252.6;255.3
NO06;410.4;415.1;419.8;424.2;428.8
NO061;280.9;284.9;288.6;292.3;296.0
NO062;129.5;130.3;131.1;131.8;132.8
NO07;462.1;462.7;464.5;466.9;469.5
NO071;235.2;235.2;235.8;236.8;237.8
NO072;154.4;155.1;156.0;157.0;158.1
NO073;72.5;72.4;72.7;73.1;73.6
CH;7551.1;7647.7;7743.8;7824.9;7912.4
CH0;7551.1;7647.7;7743.8;7824.9;7912.4
CH01;1399.4;1423.2;1449.9;1472.3;1493.6
CH011;667.1;680.1;694.9;706.7;719.6
CH012;296.6;300.9;305.3;309.7;314.9
CH013;435.7;442.1;449.7;455.9;459.1
CH02;1709.9;1723.1;1736.2;1747.4;1763.1
CH021;960.9;966.1;971.8;976.2;982.4
CH022;260.7;265.9;270.8;275.5;281.6
CH023;249.4;251.0;252.3;253.8;256.1
CH024;169.3;170.4;171.3;171.8;172.6
CH025;69.4;69.7;70.0;70.1;70.3
CH03;1031.4;1042.7;1055.1;1066.2;1075.4
CH031;185.0;185.9;187.3;188.7;185.6
CH032;268.2;270.2;272.0;273.4;274.9
CH033;578.2;586.6;595.8;604.2;614.9
CH04;1295.8;1320.1;1342.0;1360.1;1382.7
CH040;1295.8;1320.1;1342.0;1360.1;1382.7
CH05;1069.6;1079.8;1090.0;1098.0;1108.8
CH051;38.2;38.3;38.4;38.5;38.9
CH052;74.2;74.9;75.5;76.0;76.7
CH053;52.6;52.9;53.0;53.0;53.2
CH054;15.4;15.5;15.6;15.7;15.7
CH055;463.9;468.5;472.9;476.2;481.0
CH056;188.3;189.6;191.2;192.3;193.0
CH057;237.0;240.1;243.3;246.3;250.2
CH06;718.4;728.0;736.4;743.2;753.5
CH061;361.3;366.1;370.9;374.7;379.8
CH062;35.0;35.1;35.2;35.3;35.4
CH063;139.9;142.4;144.2;145.5;147.3
CH064;33.9;34.2;34.7;35.3;35.7
CH065;40.1;40.5;40.8;40.9;41.2
CH066;108.2;109.8;110.6;111.6;114.1
CH07;326.7;330.7;334.2;337.8;335.3
CH070;326.7;330.7;334.2;337.8;335.3
ME;626.2;628.8;631.5;618.1;620.6
ME0;626.2;628.8;631.5;618.1;620.6
ME00;626.2;628.8;631.5;618.1;620.6
ME000;626.2;628.8;631.5;618.1;620.6
MK;2043.6;2046.9;2050.7;2055.0;2058.5
MK0;2043.6;2046.9;2050.7;2055.0;2058.5
MK00;2043.6;2046.9;2050.7;2055.0;2058.5
MK001;143.5;153.9;153.9;153.9;153.8
MK002;191.1;180.3;180.0;179.8;179.4
MK003;222.2;222.1;222.0;221.9;221.5
MK004;172.2;172.4;172.6;172.9;173.1
MK005;235.5;234.9;234.5;234.1;233.6
MK006;311.5;312.6;313.7;314.8;316.0
MK007;174.1;174.3;174.6;175.0;175.3
MK008;593.5;596.4;599.5;602.7;605.9
TR;:;71051.7;72039.2;73142.2;:
TR1;:;12635.5;12806.2;13085.4;:
TR10;:;12635.5;12806.2;13085.4;:
TR100;:;12635.5;12806.2;13085.4;:
TR2;:;3080.0;3118.6;3146.9;:
TR21;:;1480.2;1507.2;1516.6;:
TR211;:;749.6;777.0;790.7;:
TR212;:;395.6;395.1;392.9;:
TR213;:;335.1;335.1;333.0;:
TR22;:;1599.8;1611.4;1630.3;:
TR221;:;1124.3;1135.2;1146.2;:
TR222;:;475.5;476.3;484.1;:
TR3;:;9342.1;9451.0;9605.4;:
TR31;:;3767.7;3832.1;3908.6;:
TR310;:;3767.7;3832.1;3908.6;:
TR32;:;2647.6;2691.3;2723.5;:
TR321;:;956.2;972.3;984.5;:
TR322;:;912.6;922.1;929.1;:
TR323;:;778.8;796.9;809.9;:
TR33;:;2926.8;2927.5;2973.3;:
TR331;:;1318.3;1324.4;1355.7;:
TR332;:;699.5;699.3;699.4;:
TR333;:;574.9;568.8;581.2;:
TR334;:;334.1;335.0;336.9;:
TR4;:;6498.3;6640.4;6771.5;:
TR41;:;3405.7;3475.5;3551.8;:
TR411;:;2473.9;2529.3;2578.1;:
TR412;:;733.3;748.6;760.0;:
TR413;:;198.5;197.6;213.7;:
TR42;:;3092.6;3164.9;3219.7;:
TR421;:;1464.1;1506.4;1541.3;:
TR422;:;843.3;856.4;867.2;:
TR423;:;326.0;331.9;336.7;:
TR424;:;269.6;270.2;271.4;:
TR425;:;189.6;200.0;203.1;:
TR5;:;6700.4;6812.2;6946.8;:
TR51;:;4507.8;4599.9;4711.3;:
TR510;:;4507.8;4599.9;4711.3;:
TR52;:;2192.6;2212.3;2235.5;:
TR521;:;1964.5;1981.3;2003.3;:
TR522;:;228.1;231.0;232.3;:
TR6;:;8978.6;9151.8;9338.1;:
TR61;:;2487.2;2553.1;2638.8;:
TR611;:;1824.3;1889.5;1949.0;:
TR612;:;413.7;414.1;434.5;:
TR613;:;249.3;249.5;255.2;:
TR62;:;3615.9;3666.2;3718.1;:
TR621;:;2016.5;2044.3;2073.7;:
TR622;:;1599.4;1621.9;1644.4;:
TR63;:;2875.4;2932.5;2981.2;:
TR631;:;1399.8;1430.9;1464.5;:
TR632;:;1016.9;1033.4;1041.2;:
TR633;:;458.8;468.3;475.5;:
TR7;:;3784.7;3811.9;3840.3;:
TR71;:;1487.0;1498.8;1500.5;:
TR711;:;279.8;280.1;278.7;:
TR712;:;368.4;373.8;377.2;:
TR713;:;335.1;339.2;338.9;:
TR714;:;280.9;282.9;283.2;:
TR715;:;223.0;222.9;222.5;:
TR72;:;2297.7;2313.1;2339.8;:
TR721;:;1174.7;1195.1;1220.3;:
TR722;:;634.8;632.2;637.8;:
TR723;:;488.2;485.8;481.7;:
TR8;:;4477.7;4495.2;4515.5;:
TR81;:;1018.6;1023.8;1030.9;:
TR811;:;617.5;619.5;619.8;:
TR812;:;217.4;217.4;223.1;:
TR813;:;183.7;186.9;188.1;:
TR82;:;735.0;741.6;744.5;:
TR821;:;360.4;360.1;360.5;:
TR822;:;175.1;180.6;182.0;:
TR823;:;199.6;201.0;201.9;:
TR83;:;2724.1;2729.7;2740.1;:
TR831;:;1231.3;1241.9;1251.4;:
TR832;:;618.9;620.8;621.1;:
TR833;:;547.6;543.1;538.1;:
TR834;:;326.2;324.0;329.5;:
TR9;:;2498.0;2517.0;2521.4;:
TR90;:;2498.0;2517.0;2521.4;:
TR901;:;744.8;757.1;764.4;:
TR902;:;717.3;721.4;721.3;:
TR903;:;419.6;421.8;420.6;:
TR904;:;317.8;319.5;319.6;:
TR905;:;167.3;166.1;165.2;:
TR906;:;131.1;131.2;130.3;:
TRA;:;2207.3;2200.0;2200.1;:
TRA1;:;1068.2;1061.7;1065.3;:
TRA11;:;780.0;774.6;771.6;:
TRA12;:;212.1;212.0;219.1;:
TRA13;:;76.1;75.2;74.6;:
TRA2;:;1139.1;1138.2;1134.8;:
TRA21;:;531.5;534.9;539.8;:
TRA22;:;312.2;309.3;304.2;:
TRA23;:;182.9;183.8;184.0;:
TRA24;:;112.5;110.2;106.8;:
TRB;:;3588.2;3628.2;3643.0;:
TRB1;:;1611.4;1625.1;1625.8;:
TRB11;:;727.9;735.3;738.8;:
TRB12;:;544.4;549.1;551.7;:
TRB13;:;253.8;255.9;255.5;:
TRB14;:;85.2;84.8;79.9;:
TRB2;:;1976.9;2003.1;2017.2;:
TRB21;:;992.0;1013.3;1028.9;:
TRB22;:;404.9;404.4;405.7;:
TRB23;:;327.4;327.7;328.6;:
TRB24;:;252.5;257.7;254.0;:
TRC;:;7260.8;7406.8;7527.8;:
TRC1;:;2289.8;2341.3;2389.5;:
TRC11;:;1586.1;1632.9;1677.2;:
TRC12;:;583.9;586.8;589.7;:
TRC13;:;119.7;121.5;122.6;:
TRC2;:;3025.4;3097.9;3160.5;:
TRC21;:;1548.7;1594.0;1638.6;:
TRC22;:;1476.8;1503.9;1522.0;:
TRC3;:;1945.6;1967.7;1977.8;:
TRC31;:;748.2;744.3;741.2;:
TRC32;:;479.1;491.8;504.1;:
TRC33;:;422.6;429.9;430.3;:
TRC34;:;295.7;301.7;302.2;:
;;;;;
Special value:;;;;;
:;not available;;;;
